File Name,Dataset,aid,Date,Count,Minimum,Maximum,Range,Mean,Standard Deviation,Variance,Upper Quartile,Upper 1.5 IQR,Median,Lower 1.5 IQR,Lower Quartile
MOD13A3_061__1_km_monthly_EVI_doy2010001000000_aid0001,_1_km_monthly_EVI,aid0001,2010-01-01,314.0,0.2722,0.5586,"(0.2722,0.5586)",0.4188994,0.0383586,0.0014714,0.44465,0.5172,0.421,0.3202,0.392775
MOD13A3_061__1_km_monthly_EVI_doy2010032000000_aid0001,_1_km_monthly_EVI,aid0001,2010-02-01,314.0,0.3284,0.5522,"(0.3284,0.5522)",0.4592178,0.0432574,0.0018712,0.495475,0.5522,0.4636,0.3565,0.429225
MOD13A3_061__1_km_monthly_EVI_doy2010060000000_aid0001,_1_km_monthly_EVI,aid0001,2010-03-01,314.0,0.2964,0.5903,"(0.2964,0.5903)",0.4322366,0.045074,0.0020317,0.461875,0.5473,0.42675,0.3161,0.40285
MOD13A3_061__1_km_monthly_EVI_doy2010091000000_aid0001,_1_km_monthly_EVI,aid0001,2010-04-01,314.0,0.3018,0.6023,"(0.3018,0.6023)",0.4704232,0.0449313,0.0020188,0.502775,0.5776,0.47315,0.3739,0.4505
MOD13A3_061__1_km_monthly_EVI_doy2010121000000_aid0001,_1_km_monthly_EVI,aid0001,2010-05-01,314.0,0.2083,0.6224,"(0.2083,0.6224)",0.4801748,0.0697219,0.0048611,0.5257,0.6224,0.49935,0.3668,0.460225
MOD13A3_061__1_km_monthly_EVI_doy2010152000000_aid0001,_1_km_monthly_EVI,aid0001,2010-06-01,314.0,0.2319,0.5952,"(0.2319,0.5952)",0.4553169,0.0613448,0.0037632,0.4956,0.5443,0.47585,0.3535,0.438325
MOD13A3_061__1_km_monthly_EVI_doy2010182000000_aid0001,_1_km_monthly_EVI,aid0001,2010-07-01,314.0,0.2057,0.5879,"(0.2057,0.5879)",0.4706029,0.0586101,0.0034351,0.506175,0.5879,0.47535,0.37,0.44895
MOD13A3_061__1_km_monthly_EVI_doy2010213000000_aid0001,_1_km_monthly_EVI,aid0001,2010-08-01,314.0,0.2084,0.5825,"(0.2084,0.5825)",0.4810032,0.0428814,0.0018388,0.506075,0.5601,0.4859,0.4038,0.46415
MOD13A3_061__1_km_monthly_EVI_doy2010244000000_aid0001,_1_km_monthly_EVI,aid0001,2010-09-01,314.0,0.1394,0.6051,"(0.1394,0.6051)",0.4976347,0.0620225,0.0038468,0.534325,0.6051,0.51095,0.4168,0.481675
MOD13A3_061__1_km_monthly_EVI_doy2010274000000_aid0001,_1_km_monthly_EVI,aid0001,2010-10-01,314.0,0.1105,0.5757,"(0.1105,0.5757)",0.4817258,0.0656855,0.0043146,0.520575,0.5757,0.49795,0.3951,0.46545
MOD13A3_061__1_km_monthly_EVI_doy2010305000000_aid0001,_1_km_monthly_EVI,aid0001,2010-11-01,314.0,0.0555,0.5976,"(0.0555,0.5976)",0.4214032,0.0849629,0.0072187,0.4743,0.5362,0.44715,0.2845,0.39765
MOD13A3_061__1_km_monthly_EVI_doy2010335000000_aid0001,_1_km_monthly_EVI,aid0001,2010-12-01,314.0,0.1003,0.5747,"(0.1003,0.5747)",0.4371857,0.0689298,0.0047513,0.47905,0.5531,0.45775,0.3415,0.4206
MOD13A3_061__1_km_monthly_EVI_doy2011001000000_aid0001,_1_km_monthly_EVI,aid0001,2011-01-01,314.0,0.2658,0.5116,"(0.2658,0.5116)",0.4376841,0.0415084,0.0017229,0.4636,0.5116,0.4456,0.3601,0.421175
MOD13A3_061__1_km_monthly_EVI_doy2011032000000_aid0001,_1_km_monthly_EVI,aid0001,2011-02-01,314.0,0.3214,0.5494,"(0.3214,0.5494)",0.4480873,0.0475421,0.0022602,0.4854,0.5494,0.4526,0.3214,0.41675
MOD13A3_061__1_km_monthly_EVI_doy2011060000000_aid0001,_1_km_monthly_EVI,aid0001,2011-03-01,314.0,0.3302,0.6153,"(0.3302,0.6153)",0.499742,0.0484654,0.0023489,0.53655,0.6153,0.49925,0.3774,0.4705
MOD13A3_061__1_km_monthly_EVI_doy2011091000000_aid0001,_1_km_monthly_EVI,aid0001,2011-04-01,314.0,0.3271,0.6123,"(0.3271,0.6123)",0.5064404,0.0425935,0.0018142,0.53585,0.6123,0.50965,0.3953,0.4779
MOD13A3_061__1_km_monthly_EVI_doy2011121000000_aid0001,_1_km_monthly_EVI,aid0001,2011-05-01,314.0,0.3027,0.6077,"(0.3027,0.6077)",0.5024576,0.0456539,0.0020843,0.534375,0.6077,0.51165,0.3991,0.4797
MOD13A3_061__1_km_monthly_EVI_doy2011152000000_aid0001,_1_km_monthly_EVI,aid0001,2011-06-01,314.0,0.2321,0.6339,"(0.2321,0.6339)",0.5042131,0.0700547,0.0049077,0.54365,0.6339,0.5178,0.3932,0.483425
MOD13A3_061__1_km_monthly_EVI_doy2011182000000_aid0001,_1_km_monthly_EVI,aid0001,2011-07-01,314.0,0.108,0.5887,"(0.108,0.5887)",0.4856455,0.0508573,0.0025865,0.52035,0.5887,0.48965,0.3708,0.459625
MOD13A3_061__1_km_monthly_EVI_doy2011213000000_aid0001,_1_km_monthly_EVI,aid0001,2011-08-01,314.0,0.31,0.5704,"(0.31,0.5704)",0.4745376,0.040532,0.0016428,0.4998,0.5704,0.47405,0.38,0.44685
MOD13A3_061__1_km_monthly_EVI_doy2011244000000_aid0001,_1_km_monthly_EVI,aid0001,2011-09-01,314.0,0.1594,0.6253,"(0.1594,0.6253)",0.4994312,0.0662602,0.0043904,0.5489,0.6253,0.5081,0.3803,0.4744
MOD13A3_061__1_km_monthly_EVI_doy2011274000000_aid0001,_1_km_monthly_EVI,aid0001,2011-10-01,314.0,0.0877,0.5879,"(0.0877,0.5879)",0.5129809,0.0731128,0.0053455,0.551275,0.5879,0.53645,0.4248,0.49935
MOD13A3_061__1_km_monthly_EVI_doy2011305000000_aid0001,_1_km_monthly_EVI,aid0001,2011-11-01,314.0,0.085,0.6012,"(0.085,0.6012)",0.4417755,0.084121,0.0070763,0.4952,0.6012,0.46525,0.306,0.4181
MOD13A3_061__1_km_monthly_EVI_doy2011335000000_aid0001,_1_km_monthly_EVI,aid0001,2011-12-01,314.0,0.2312,0.5555,"(0.2312,0.5555)",0.4367955,0.0431031,0.0018579,0.462025,0.5188,0.4411,0.3572,0.419525
MOD13A3_061__1_km_monthly_EVI_doy2012001000000_aid0001,_1_km_monthly_EVI,aid0001,2012-01-01,314.0,0.3089,0.5403,"(0.3089,0.5403)",0.4587041,0.0310323,0.000963,0.478225,0.5321,0.45755,0.3875,0.44165
MOD13A3_061__1_km_monthly_EVI_doy2012032000000_aid0001,_1_km_monthly_EVI,aid0001,2012-02-01,302.0,0.3063,0.5908,"(0.3063,0.5908)",0.4768868,0.051704,0.0026733,0.514325,0.5908,0.4687,0.3552,0.44775
MOD13A3_061__1_km_monthly_EVI_doy2012061000000_aid0001,_1_km_monthly_EVI,aid0001,2012-03-01,314.0,0.2937,0.5607,"(0.2937,0.5607)",0.446393,0.0410813,0.0016877,0.4713,0.5377,0.44755,0.3566,0.42515
MOD13A3_061__1_km_monthly_EVI_doy2012092000000_aid0001,_1_km_monthly_EVI,aid0001,2012-04-01,314.0,0.1066,0.5678,"(0.1066,0.5678)",0.4630137,0.0594083,0.0035293,0.4974,0.5678,0.4763,0.3784,0.44715
MOD13A3_061__1_km_monthly_EVI_doy2012122000000_aid0001,_1_km_monthly_EVI,aid0001,2012-05-01,314.0,0.3178,0.5556,"(0.3178,0.5556)",0.4935879,0.0380212,0.0014456,0.52295,0.5556,0.5013,0.4051,0.4726
MOD13A3_061__1_km_monthly_EVI_doy2012153000000_aid0001,_1_km_monthly_EVI,aid0001,2012-06-01,314.0,0.3515,0.5472,"(0.3515,0.5472)",0.4712672,0.0310407,0.0009635,0.493925,0.5472,0.47345,0.3973,0.4526
MOD13A3_061__1_km_monthly_EVI_doy2012183000000_aid0001,_1_km_monthly_EVI,aid0001,2012-07-01,314.0,0.266,0.6207,"(0.266,0.6207)",0.4928838,0.0586801,0.0034434,0.52765,0.6109,0.50635,0.392,0.47215
MOD13A3_061__1_km_monthly_EVI_doy2012214000000_aid0001,_1_km_monthly_EVI,aid0001,2012-08-01,314.0,0.2613,0.6082,"(0.2613,0.6082)",0.4896685,0.0622076,0.0038698,0.5382,0.6082,0.4995,0.3588,0.465825
MOD13A3_061__1_km_monthly_EVI_doy2012245000000_aid0001,_1_km_monthly_EVI,aid0001,2012-09-01,314.0,0.2993,0.5873,"(0.2993,0.5873)",0.485579,0.0589701,0.0034775,0.53075,0.5873,0.4972,0.3478,0.45735
MOD13A3_061__1_km_monthly_EVI_doy2012275000000_aid0001,_1_km_monthly_EVI,aid0001,2012-10-01,314.0,0.3451,0.574,"(0.3451,0.574)",0.4745949,0.0427706,0.0018293,0.505575,0.574,0.48505,0.3623,0.44555
MOD13A3_061__1_km_monthly_EVI_doy2012306000000_aid0001,_1_km_monthly_EVI,aid0001,2012-11-01,314.0,0.1751,0.5719,"(0.1751,0.5719)",0.4662755,0.0439169,0.0019287,0.49405,0.561,0.46835,0.3773,0.4472
MOD13A3_061__1_km_monthly_EVI_doy2012336000000_aid0001,_1_km_monthly_EVI,aid0001,2012-12-01,314.0,0.2996,0.5918,"(0.2996,0.5918)",0.4598984,0.0486988,0.0023716,0.497275,0.5918,0.4586,0.3425,0.43145
MOD13A3_061__1_km_monthly_EVI_doy2013001000000_aid0001,_1_km_monthly_EVI,aid0001,2013-01-01,314.0,0.2522,0.5569,"(0.2522,0.5569)",0.4179404,0.044378,0.0019694,0.447225,0.523,0.4191,0.3173,0.38665
MOD13A3_061__1_km_monthly_EVI_doy2013032000000_aid0001,_1_km_monthly_EVI,aid0001,2013-02-01,314.0,0.2276,0.5597,"(0.2276,0.5597)",0.3986844,0.0459921,0.0021153,0.4267,0.504,0.3974,0.274,0.364575
MOD13A3_061__1_km_monthly_EVI_doy2013060000000_aid0001,_1_km_monthly_EVI,aid0001,2013-03-01,314.0,0.2478,0.5667,"(0.2478,0.5667)",0.4343312,0.0483737,0.00234,0.464525,0.5543,0.43265,0.3191,0.400325
MOD13A3_061__1_km_monthly_EVI_doy2013091000000_aid0001,_1_km_monthly_EVI,aid0001,2013-04-01,314.0,0.2945,0.6058,"(0.2945,0.6058)",0.4887777,0.0453896,0.0020602,0.520125,0.5851,0.49235,0.3844,0.46315
MOD13A3_061__1_km_monthly_EVI_doy2013121000000_aid0001,_1_km_monthly_EVI,aid0001,2013-05-01,314.0,0.1313,0.6161,"(0.1313,0.6161)",0.4876503,0.0673592,0.0045373,0.5235,0.5936,0.49955,0.4066,0.47355
MOD13A3_061__1_km_monthly_EVI_doy2013152000000_aid0001,_1_km_monthly_EVI,aid0001,2013-06-01,314.0,0.3085,0.5924,"(0.3085,0.5924)",0.5134207,0.055374,0.0030663,0.5521,0.5924,0.52655,0.3865,0.485175
MOD13A3_061__1_km_monthly_EVI_doy2013182000000_aid0001,_1_km_monthly_EVI,aid0001,2013-07-01,314.0,0.3356,0.5836,"(0.3356,0.5836)",0.5175994,0.0481477,0.0023182,0.554225,0.5836,0.5328,0.3914,0.48755
MOD13A3_061__1_km_monthly_EVI_doy2013213000000_aid0001,_1_km_monthly_EVI,aid0001,2013-08-01,314.0,0.3147,0.5715,"(0.3147,0.5715)",0.4683156,0.0478966,0.0022941,0.501375,0.5715,0.48225,0.362,0.445525
MOD13A3_061__1_km_monthly_EVI_doy2013244000000_aid0001,_1_km_monthly_EVI,aid0001,2013-09-01,314.0,0.2799,0.6008,"(0.2799,0.6008)",0.512142,0.0650241,0.0042281,0.556025,0.6008,0.5321,0.4205,0.499175
MOD13A3_061__1_km_monthly_EVI_doy2013274000000_aid0001,_1_km_monthly_EVI,aid0001,2013-10-01,314.0,0.2976,0.5526,"(0.2976,0.5526)",0.4563761,0.0412452,0.0017012,0.4854,0.5526,0.46005,0.3819,0.4384
MOD13A3_061__1_km_monthly_EVI_doy2013305000000_aid0001,_1_km_monthly_EVI,aid0001,2013-11-01,314.0,0.0791,0.572,"(0.0791,0.572)",0.469129,0.0919869,0.0084616,0.522275,0.572,0.4948,0.3839,0.464575
MOD13A3_061__1_km_monthly_EVI_doy2013335000000_aid0001,_1_km_monthly_EVI,aid0001,2013-12-01,314.0,0.287,0.5756,"(0.287,0.5756)",0.4672395,0.0644029,0.0041477,0.509775,0.5756,0.47635,0.3414,0.440525
MOD13A3_061__1_km_monthly_EVI_doy2014001000000_aid0001,_1_km_monthly_EVI,aid0001,2014-01-01,314.0,0.318,0.558,"(0.318,0.558)",0.4784981,0.034302,0.0011766,0.50425,0.558,0.47695,0.4061,0.4587
MOD13A3_061__1_km_monthly_EVI_doy2014032000000_aid0001,_1_km_monthly_EVI,aid0001,2014-02-01,314.0,0.2767,0.5867,"(0.2767,0.5867)",0.4551646,0.0496887,0.002469,0.4908,0.5867,0.4614,0.3299,0.425225
MOD13A3_061__1_km_monthly_EVI_doy2014060000000_aid0001,_1_km_monthly_EVI,aid0001,2014-03-01,314.0,0.1858,0.6195,"(0.1858,0.6195)",0.4741115,0.0705927,0.0049833,0.5226,0.6195,0.4865,0.307,0.434725
MOD13A3_061__1_km_monthly_EVI_doy2014091000000_aid0001,_1_km_monthly_EVI,aid0001,2014-04-01,314.0,0.2197,0.5686,"(0.2197,0.5686)",0.4583373,0.0492779,0.0024283,0.489875,0.5686,0.464,0.3543,0.43295
MOD13A3_061__1_km_monthly_EVI_doy2014121000000_aid0001,_1_km_monthly_EVI,aid0001,2014-05-01,314.0,0.3166,0.5703,"(0.3166,0.5703)",0.4660771,0.0587538,0.003452,0.5058,0.5703,0.4847,0.3276,0.43445
MOD13A3_061__1_km_monthly_EVI_doy2014152000000_aid0001,_1_km_monthly_EVI,aid0001,2014-06-01,314.0,0.3355,0.5857,"(0.3355,0.5857)",0.4914538,0.0535393,0.0028665,0.5338,0.5857,0.50835,0.3572,0.459125
MOD13A3_061__1_km_monthly_EVI_doy2014182000000_aid0001,_1_km_monthly_EVI,aid0001,2014-07-01,314.0,0.2664,0.5626,"(0.2664,0.5626)",0.4830994,0.0499545,0.0024955,0.5255,0.5626,0.4944,0.3623,0.459775
MOD13A3_061__1_km_monthly_EVI_doy2014213000000_aid0001,_1_km_monthly_EVI,aid0001,2014-08-01,314.0,0.299,0.5923,"(0.299,0.5923)",0.4986032,0.0416342,0.0017334,0.52525,0.5923,0.49875,0.4037,0.475725
MOD13A3_061__1_km_monthly_EVI_doy2014244000000_aid0001,_1_km_monthly_EVI,aid0001,2014-09-01,314.0,0.3311,0.5785,"(0.3311,0.5785)",0.4640701,0.0511168,0.0026129,0.500375,0.5785,0.4749,0.3311,0.431075
MOD13A3_061__1_km_monthly_EVI_doy2014274000000_aid0001,_1_km_monthly_EVI,aid0001,2014-10-01,314.0,0.0789,0.6151,"(0.0789,0.6151)",0.4677669,0.1151,0.013248,0.545875,0.6151,0.5083,0.232,0.41935
MOD13A3_061__1_km_monthly_EVI_doy2014305000000_aid0001,_1_km_monthly_EVI,aid0001,2014-11-01,314.0,0.1409,0.561,"(0.1409,0.561)",0.4484424,0.0556406,0.0030959,0.486625,0.561,0.4587,0.3355,0.422175
MOD13A3_061__1_km_monthly_EVI_doy2014335000000_aid0001,_1_km_monthly_EVI,aid0001,2014-12-01,314.0,0.2521,0.5812,"(0.2521,0.5812)",0.4782739,0.0435791,0.0018991,0.5068,0.5511,0.48615,0.3977,0.46105
MOD13A3_061__1_km_monthly_EVI_doy2015001000000_aid0001,_1_km_monthly_EVI,aid0001,2015-01-01,314.0,0.2758,0.5525,"(0.2758,0.5525)",0.4600946,0.0398301,0.0015864,0.487125,0.5525,0.4625,0.3505,0.430975
MOD13A3_061__1_km_monthly_EVI_doy2015032000000_aid0001,_1_km_monthly_EVI,aid0001,2015-02-01,314.0,0.2745,0.58,"(0.2745,0.58)",0.4814828,0.0505353,0.0025538,0.52035,0.58,0.4906,0.333,0.444525
MOD13A3_061__1_km_monthly_EVI_doy2015060000000_aid0001,_1_km_monthly_EVI,aid0001,2015-03-01,314.0,0.1855,0.5778,"(0.1855,0.5778)",0.4585908,0.0559919,0.0031351,0.489325,0.567,0.46035,0.3476,0.431375
MOD13A3_061__1_km_monthly_EVI_doy2015091000000_aid0001,_1_km_monthly_EVI,aid0001,2015-04-01,314.0,0.3128,0.5776,"(0.3128,0.5776)",0.4896194,0.0407606,0.0016614,0.516425,0.5776,0.4932,0.4072,0.46745
MOD13A3_061__1_km_monthly_EVI_doy2015121000000_aid0001,_1_km_monthly_EVI,aid0001,2015-05-01,314.0,0.3115,0.6172,"(0.3115,0.6172)",0.4666146,0.0548257,0.0030059,0.5034,0.5994,0.47615,0.3436,0.435025
MOD13A3_061__1_km_monthly_EVI_doy2015152000000_aid0001,_1_km_monthly_EVI,aid0001,2015-06-01,314.0,0.3072,0.6335,"(0.3072,0.6335)",0.5265369,0.0523561,0.0027412,0.5637,0.6335,0.53745,0.3757,0.488225
MOD13A3_061__1_km_monthly_EVI_doy2015182000000_aid0001,_1_km_monthly_EVI,aid0001,2015-07-01,314.0,0.287,0.576,"(0.287,0.576)",0.4995965,0.0411895,0.0016966,0.52695,0.576,0.50655,0.4088,0.4786
MOD13A3_061__1_km_monthly_EVI_doy2015213000000_aid0001,_1_km_monthly_EVI,aid0001,2015-08-01,314.0,0.3535,0.6492,"(0.3535,0.6492)",0.5284096,0.0561963,0.003158,0.571,0.6492,0.539,0.3833,0.49045
MOD13A3_061__1_km_monthly_EVI_doy2015244000000_aid0001,_1_km_monthly_EVI,aid0001,2015-09-01,314.0,0.2804,0.5992,"(0.2804,0.5992)",0.5001194,0.0453073,0.0020528,0.5313,0.5992,0.50625,0.3949,0.47575
MOD13A3_061__1_km_monthly_EVI_doy2015274000000_aid0001,_1_km_monthly_EVI,aid0001,2015-10-01,314.0,0.3151,0.5772,"(0.3151,0.5772)",0.499678,0.0389328,0.0015158,0.52705,0.5772,0.50785,0.3936,0.47085
MOD13A3_061__1_km_monthly_EVI_doy2015305000000_aid0001,_1_km_monthly_EVI,aid0001,2015-11-01,314.0,0.244,0.5535,"(0.244,0.5535)",0.4438376,0.0537123,0.002885,0.47835,0.5535,0.45705,0.3511,0.426875
MOD13A3_061__1_km_monthly_EVI_doy2015335000000_aid0001,_1_km_monthly_EVI,aid0001,2015-12-01,314.0,0.2824,0.5644,"(0.2824,0.5644)",0.4686828,0.0481809,0.0023214,0.504175,0.5644,0.48355,0.3513,0.4428
MOD13A3_061__1_km_monthly_EVI_doy2016001000000_aid0001,_1_km_monthly_EVI,aid0001,2016-01-01,314.0,0.2663,0.5719,"(0.2663,0.5719)",0.4717303,0.040193,0.0016155,0.4983,0.5719,0.477,0.3821,0.4488
MOD13A3_061__1_km_monthly_EVI_doy2016032000000_aid0001,_1_km_monthly_EVI,aid0001,2016-02-01,314.0,0.2739,0.5927,"(0.2739,0.5927)",0.4310475,0.0473733,0.0022442,0.45575,0.5311,0.42785,0.3304,0.404025
MOD13A3_061__1_km_monthly_EVI_doy2016061000000_aid0001,_1_km_monthly_EVI,aid0001,2016-03-01,314.0,0.2873,0.4887,"(0.2873,0.4887)",0.3906404,0.034199,0.0011696,0.415275,0.4792,0.39355,0.3044,0.36995
MOD13A3_061__1_km_monthly_EVI_doy2016092000000_aid0001,_1_km_monthly_EVI,aid0001,2016-04-01,314.0,0.3094,0.5664,"(0.3094,0.5664)",0.4661866,0.0515212,0.0026544,0.5065,0.5664,0.46855,0.3408,0.437425
MOD13A3_061__1_km_monthly_EVI_doy2016122000000_aid0001,_1_km_monthly_EVI,aid0001,2016-05-01,314.0,0.2993,0.6092,"(0.2993,0.6092)",0.478364,0.0702422,0.004934,0.52785,0.6092,0.49315,0.3316,0.448625
MOD13A3_061__1_km_monthly_EVI_doy2016153000000_aid0001,_1_km_monthly_EVI,aid0001,2016-06-01,314.0,0.2964,0.6101,"(0.2964,0.6101)",0.4797032,0.0686577,0.0047139,0.5261,0.6101,0.4939,0.3237,0.444625
MOD13A3_061__1_km_monthly_EVI_doy2016183000000_aid0001,_1_km_monthly_EVI,aid0001,2016-07-01,314.0,0.2385,0.6765,"(0.2385,0.6765)",0.4917051,0.0613112,0.0037591,0.53145,0.6175,0.50535,0.3708,0.46685
MOD13A3_061__1_km_monthly_EVI_doy2016214000000_aid0001,_1_km_monthly_EVI,aid0001,2016-08-01,314.0,0.2925,0.5837,"(0.2925,0.5837)",0.4799943,0.0582957,0.0033984,0.52525,0.5837,0.499,0.326,0.44065
MOD13A3_061__1_km_monthly_EVI_doy2016245000000_aid0001,_1_km_monthly_EVI,aid0001,2016-09-01,314.0,0.3203,0.5805,"(0.3203,0.5805)",0.4837885,0.0409887,0.0016801,0.513725,0.5805,0.48985,0.3623,0.451375
MOD13A3_061__1_km_monthly_EVI_doy2016275000000_aid0001,_1_km_monthly_EVI,aid0001,2016-10-01,314.0,0.1904,0.6088,"(0.1904,0.6088)",0.4870478,0.0602996,0.003636,0.523375,0.6088,0.5002,0.377,0.464175
MOD13A3_061__1_km_monthly_EVI_doy2016306000000_aid0001,_1_km_monthly_EVI,aid0001,2016-11-01,314.0,0.2725,0.575,"(0.2725,0.575)",0.4698646,0.0418058,0.0017477,0.497275,0.575,0.47455,0.3665,0.44275
MOD13A3_061__1_km_monthly_EVI_doy2016336000000_aid0001,_1_km_monthly_EVI,aid0001,2016-12-01,314.0,0.2833,0.5844,"(0.2833,0.5844)",0.4858936,0.0584842,0.0034204,0.527175,0.5844,0.4886,0.3766,0.455175
MOD13A3_061__1_km_monthly_EVI_doy2017001000000_aid0001,_1_km_monthly_EVI,aid0001,2017-01-01,314.0,0.2936,0.5685,"(0.2936,0.5685)",0.4753764,0.0612566,0.0037524,0.5149,0.5685,0.49725,0.3485,0.44805
MOD13A3_061__1_km_monthly_EVI_doy2017032000000_aid0001,_1_km_monthly_EVI,aid0001,2017-02-01,314.0,0.2909,0.5725,"(0.2909,0.5725)",0.4532086,0.0465752,0.0021692,0.4852,0.559,0.454,0.3477,0.4295
MOD13A3_061__1_km_monthly_EVI_doy2017060000000_aid0001,_1_km_monthly_EVI,aid0001,2017-03-01,314.0,0.2902,0.5784,"(0.2902,0.5784)",0.454078,0.0546394,0.0029855,0.48685,0.5737,0.45435,0.3371,0.426375
MOD13A3_061__1_km_monthly_EVI_doy2017091000000_aid0001,_1_km_monthly_EVI,aid0001,2017-04-01,314.0,0.297,0.5965,"(0.297,0.5965)",0.4658847,0.0586855,0.003444,0.498525,0.5859,0.4696,0.3409,0.43505
MOD13A3_061__1_km_monthly_EVI_doy2017121000000_aid0001,_1_km_monthly_EVI,aid0001,2017-05-01,314.0,0.2631,0.5615,"(0.2631,0.5615)",0.4781277,0.0492921,0.0024297,0.514275,0.5615,0.48575,0.3475,0.446575
MOD13A3_061__1_km_monthly_EVI_doy2017152000000_aid0001,_1_km_monthly_EVI,aid0001,2017-06-01,314.0,0.2872,0.5536,"(0.2872,0.5536)",0.4693799,0.0482421,0.0023273,0.505625,0.5536,0.4825,0.3656,0.4373
MOD13A3_061__1_km_monthly_EVI_doy2017182000000_aid0001,_1_km_monthly_EVI,aid0001,2017-07-01,314.0,0.1965,0.59,"(0.1965,0.59)",0.4870255,0.0523612,0.0027417,0.5232,0.59,0.4958,0.3686,0.460425
MOD13A3_061__1_km_monthly_EVI_doy2017213000000_aid0001,_1_km_monthly_EVI,aid0001,2017-08-01,314.0,0.3921,0.593,"(0.3921,0.593)",0.5208615,0.0452569,0.0020482,0.559425,0.593,0.53145,0.3921,0.48905
MOD13A3_061__1_km_monthly_EVI_doy2017244000000_aid0001,_1_km_monthly_EVI,aid0001,2017-09-01,314.0,0.2545,0.5928,"(0.2545,0.5928)",0.5020255,0.0557908,0.0031126,0.537425,0.5928,0.5056,0.3823,0.474475
MOD13A3_061__1_km_monthly_EVI_doy2017274000000_aid0001,_1_km_monthly_EVI,aid0001,2017-10-01,314.0,0.1985,0.6154,"(0.1985,0.6154)",0.5173446,0.0619182,0.0038339,0.56015,0.6154,0.52325,0.3964,0.4926
MOD13A3_061__1_km_monthly_EVI_doy2017305000000_aid0001,_1_km_monthly_EVI,aid0001,2017-11-01,314.0,0.1421,0.6037,"(0.1421,0.6037)",0.4767503,0.0743891,0.0055337,0.522975,0.6037,0.4944,0.3582,0.454775
MOD13A3_061__1_km_monthly_EVI_doy2017335000000_aid0001,_1_km_monthly_EVI,aid0001,2017-12-01,314.0,0.2048,0.5736,"(0.2048,0.5736)",0.4726022,0.0655209,0.004293,0.517175,0.5736,0.4836,0.3433,0.4466
MOD13A3_061__1_km_monthly_EVI_doy2018001000000_aid0001,_1_km_monthly_EVI,aid0001,2018-01-01,314.0,0.2449,0.5659,"(0.2449,0.5659)",0.4513035,0.0422078,0.0017815,0.47905,0.5527,0.45415,0.3493,0.4264
MOD13A3_061__1_km_monthly_EVI_doy2018032000000_aid0001,_1_km_monthly_EVI,aid0001,2018-02-01,314.0,0.2867,0.5662,"(0.2867,0.5662)",0.473649,0.0462064,0.002135,0.50645,0.5662,0.48395,0.3669,0.4491
MOD13A3_061__1_km_monthly_EVI_doy2018060000000_aid0001,_1_km_monthly_EVI,aid0001,2018-03-01,314.0,0.2333,0.619,"(0.2333,0.619)",0.4584863,0.061369,0.0037662,0.49745,0.5965,0.46705,0.3079,0.41735
MOD13A3_061__1_km_monthly_EVI_doy2018091000000_aid0001,_1_km_monthly_EVI,aid0001,2018-04-01,314.0,0.1393,0.654,"(0.1393,0.654)",0.4909825,0.068213,0.004653,0.53165,0.6083,0.4993,0.3834,0.46705
MOD13A3_061__1_km_monthly_EVI_doy2018121000000_aid0001,_1_km_monthly_EVI,aid0001,2018-05-01,314.0,0.3034,0.5791,"(0.3034,0.5791)",0.4951287,0.0427857,0.0018306,0.5236,0.5791,0.5025,0.3996,0.47335
MOD13A3_061__1_km_monthly_EVI_doy2018152000000_aid0001,_1_km_monthly_EVI,aid0001,2018-06-01,314.0,0.0964,0.6317,"(0.0964,0.6317)",0.4864134,0.1008985,0.0101805,0.54745,0.6317,0.5205,0.3663,0.473975
MOD13A3_061__1_km_monthly_EVI_doy2018182000000_aid0001,_1_km_monthly_EVI,aid0001,2018-07-01,314.0,0.2249,0.6155,"(0.2249,0.6155)",0.4860885,0.0566134,0.0032051,0.5216,0.5945,0.49205,0.3698,0.4599
MOD13A3_061__1_km_monthly_EVI_doy2018213000000_aid0001,_1_km_monthly_EVI,aid0001,2018-08-01,314.0,0.2342,0.5673,"(0.2342,0.5673)",0.4783436,0.0436661,0.0019067,0.5072,0.5673,0.4864,0.3679,0.45085
MOD13A3_061__1_km_monthly_EVI_doy2018244000000_aid0001,_1_km_monthly_EVI,aid0001,2018-09-01,314.0,0.2447,0.6657,"(0.2447,0.6657)",0.5074576,0.042808,0.0018325,0.529025,0.5824,0.5111,0.4321,0.49025
MOD13A3_061__1_km_monthly_EVI_doy2018274000000_aid0001,_1_km_monthly_EVI,aid0001,2018-10-01,314.0,0.2985,0.5854,"(0.2985,0.5854)",0.4647927,0.0456809,0.0020867,0.4963,0.5468,0.46905,0.362,0.441475
MOD13A3_061__1_km_monthly_EVI_doy2018305000000_aid0001,_1_km_monthly_EVI,aid0001,2018-11-01,314.0,0.1357,0.5889,"(0.1357,0.5889)",0.4857369,0.0807364,0.0065184,0.535775,0.5889,0.512,0.3851,0.4741
MOD13A3_061__1_km_monthly_EVI_doy2018335000000_aid0001,_1_km_monthly_EVI,aid0001,2018-12-01,314.0,0.2758,0.5716,"(0.2758,0.5716)",0.4613245,0.0484562,0.002348,0.491225,0.5377,0.4724,0.3802,0.44455
MOD13A3_061__1_km_monthly_EVI_doy2019001000000_aid0001,_1_km_monthly_EVI,aid0001,2019-01-01,314.0,0.3049,0.5249,"(0.3049,0.5249)",0.4559455,0.0353967,0.0012529,0.482375,0.5249,0.4571,0.3705,0.435625
MOD13A3_061__1_km_monthly_EVI_doy2019032000000_aid0001,_1_km_monthly_EVI,aid0001,2019-02-01,314.0,0.3289,0.5367,"(0.3289,0.5367)",0.4710459,0.0366013,0.0013397,0.496375,0.5367,0.4786,0.3857,0.451125
MOD13A3_061__1_km_monthly_EVI_doy2019060000000_aid0001,_1_km_monthly_EVI,aid0001,2019-03-01,314.0,0.2889,0.5887,"(0.2889,0.5887)",0.4811197,0.0676597,0.0045778,0.527575,0.5887,0.49925,0.349,0.45555
MOD13A3_061__1_km_monthly_EVI_doy2019091000000_aid0001,_1_km_monthly_EVI,aid0001,2019-04-01,314.0,0.2286,0.6015,"(0.2286,0.6015)",0.4990516,0.0812639,0.0066038,0.55125,0.6015,0.53045,0.4102,0.49235
MOD13A3_061__1_km_monthly_EVI_doy2019121000000_aid0001,_1_km_monthly_EVI,aid0001,2019-05-01,314.0,0.1919,0.6406,"(0.1919,0.6406)",0.4716545,0.079577,0.0063325,0.528875,0.6406,0.47475,0.294,0.434425
MOD13A3_061__1_km_monthly_EVI_doy2019152000000_aid0001,_1_km_monthly_EVI,aid0001,2019-06-01,314.0,0.3162,0.6223,"(0.3162,0.6223)",0.5150771,0.0526878,0.002776,0.55655,0.6223,0.5228,0.3826,0.48
MOD13A3_061__1_km_monthly_EVI_doy2019182000000_aid0001,_1_km_monthly_EVI,aid0001,2019-07-01,314.0,0.3252,0.5932,"(0.3252,0.5932)",0.4939783,0.0401564,0.0016125,0.518975,0.5819,0.4995,0.4016,0.47
MOD13A3_061__1_km_monthly_EVI_doy2019213000000_aid0001,_1_km_monthly_EVI,aid0001,2019-08-01,314.0,0.3362,0.6028,"(0.3362,0.6028)",0.5152475,0.043438,0.0018869,0.544575,0.6028,0.52315,0.4152,0.491725
MOD13A3_061__1_km_monthly_EVI_doy2019244000000_aid0001,_1_km_monthly_EVI,aid0001,2019-09-01,314.0,0.229,0.5861,"(0.229,0.5861)",0.4834083,0.0534276,0.0028545,0.516,0.5861,0.48775,0.3863,0.4595
MOD13A3_061__1_km_monthly_EVI_doy2019274000000_aid0001,_1_km_monthly_EVI,aid0001,2019-10-01,314.0,0.2888,0.5837,"(0.2888,0.5837)",0.4885882,0.0496817,0.0024683,0.5251,0.5837,0.4957,0.3662,0.459725
MOD13A3_061__1_km_monthly_EVI_doy2019305000000_aid0001,_1_km_monthly_EVI,aid0001,2019-11-01,314.0,0.3283,0.5801,"(0.3283,0.5801)",0.4730252,0.0514274,0.0026448,0.51,0.5801,0.48795,0.3425,0.442475
MOD13A3_061__1_km_monthly_EVI_doy2019335000000_aid0001,_1_km_monthly_EVI,aid0001,2019-12-01,314.0,0.3325,0.5949,"(0.3325,0.5949)",0.4919694,0.0416447,0.0017343,0.51815,0.5785,0.4921,0.3953,0.4672
MOD13A3_061__1_km_monthly_EVI_doy2020001000000_aid0001,_1_km_monthly_EVI,aid0001,2020-01-01,314.0,0.3329,0.5985,"(0.3329,0.5985)",0.4957051,0.0425431,0.0018099,0.5253,0.5985,0.49245,0.3859,0.467575
MOD13A3_061__1_km_monthly_EVI_doy2020032000000_aid0001,_1_km_monthly_EVI,aid0001,2020-02-01,314.0,0.2973,0.5541,"(0.2973,0.5541)",0.4568685,0.0431844,0.0018649,0.488725,0.5541,0.4595,0.3388,0.4263
MOD13A3_061__1_km_monthly_EVI_doy2020061000000_aid0001,_1_km_monthly_EVI,aid0001,2020-03-01,314.0,0.279,0.5568,"(0.279,0.5568)",0.4488118,0.0462161,0.0021359,0.482175,0.5568,0.4522,0.3291,0.419875
MOD13A3_061__1_km_monthly_EVI_doy2020092000000_aid0001,_1_km_monthly_EVI,aid0001,2020-04-01,314.0,0.3014,0.6034,"(0.3014,0.6034)",0.4789255,0.0428887,0.0018394,0.501575,0.5719,0.47935,0.3862,0.454675
MOD13A3_061__1_km_monthly_EVI_doy2020122000000_aid0001,_1_km_monthly_EVI,aid0001,2020-05-01,314.0,0.322,0.5983,"(0.322,0.5983)",0.4991341,0.0404027,0.0016324,0.528275,0.5983,0.5031,0.3915,0.4709
MOD13A3_061__1_km_monthly_EVI_doy2020153000000_aid0001,_1_km_monthly_EVI,aid0001,2020-06-01,314.0,0.2634,0.6368,"(0.2634,0.6368)",0.4966239,0.0606312,0.0036761,0.5387,0.6368,0.50345,0.3707,0.469675
MOD13A3_061__1_km_monthly_EVI_doy2020183000000_aid0001,_1_km_monthly_EVI,aid0001,2020-07-01,314.0,0.2936,0.6268,"(0.2936,0.6268)",0.4886258,0.0653498,0.0042706,0.53395,0.6268,0.50145,0.3576,0.462675
MOD13A3_061__1_km_monthly_EVI_doy2020214000000_aid0001,_1_km_monthly_EVI,aid0001,2020-08-01,314.0,0.3012,0.5876,"(0.3012,0.5876)",0.480449,0.0604793,0.0036577,0.527575,0.5876,0.48385,0.3245,0.44155
MOD13A3_061__1_km_monthly_EVI_doy2020245000000_aid0001,_1_km_monthly_EVI,aid0001,2020-09-01,314.0,0.1664,0.6101,"(0.1664,0.6101)",0.5203901,0.0582711,0.0033955,0.55865,0.6101,0.52955,0.4125,0.499725
MOD13A3_061__1_km_monthly_EVI_doy2020275000000_aid0001,_1_km_monthly_EVI,aid0001,2020-10-01,314.0,0.2022,0.639,"(0.2022,0.639)",0.4856006,0.0675212,0.0045591,0.531275,0.639,0.4946,0.337,0.4531
MOD13A3_061__1_km_monthly_EVI_doy2020306000000_aid0001,_1_km_monthly_EVI,aid0001,2020-11-01,314.0,0.1122,0.6765,"(0.1122,0.6765)",0.5008325,0.0631463,0.0039875,0.5389,0.6046,0.50635,0.3852,0.4752
MOD13A3_061__1_km_monthly_EVI_doy2020336000000_aid0001,_1_km_monthly_EVI,aid0001,2020-12-01,314.0,0.2862,0.5985,"(0.2862,0.5985)",0.4861341,0.0503509,0.0025352,0.527075,0.5985,0.4935,0.3492,0.448925
MOD13A3_061__1_km_monthly_EVI_doy2021001000000_aid0001,_1_km_monthly_EVI,aid0001,2021-01-01,314.0,0.2868,0.5461,"(0.2868,0.5461)",0.4646006,0.0427761,0.0018298,0.4976,0.5461,0.4724,0.3648,0.43745
MOD13A3_061__1_km_monthly_EVI_doy2021032000000_aid0001,_1_km_monthly_EVI,aid0001,2021-02-01,314.0,0.2793,0.5658,"(0.2793,0.5658)",0.447728,0.0621744,0.0038657,0.4934,0.5658,0.461,0.311,0.4185
MOD13A3_061__1_km_monthly_EVI_doy2021060000000_aid0001,_1_km_monthly_EVI,aid0001,2021-03-01,314.0,0.1354,0.6167,"(0.1354,0.6167)",0.5198369,0.0554694,0.0030769,0.551125,0.6167,0.52885,0.426,0.49955
MOD13A3_061__1_km_monthly_EVI_doy2021091000000_aid0001,_1_km_monthly_EVI,aid0001,2021-04-01,314.0,0.3072,0.5654,"(0.3072,0.5654)",0.4783303,0.0485124,0.0023535,0.510475,0.5654,0.48835,0.3857,0.458875
MOD13A3_061__1_km_monthly_EVI_doy2021121000000_aid0001,_1_km_monthly_EVI,aid0001,2021-05-01,314.0,0.2387,0.5832,"(0.2387,0.5832)",0.4771844,0.0613921,0.003769,0.512725,0.5832,0.4942,0.3884,0.4626
MOD13A3_061__1_km_monthly_EVI_doy2021152000000_aid0001,_1_km_monthly_EVI,aid0001,2021-06-01,314.0,0.2011,0.5725,"(0.2011,0.5725)",0.4805204,0.0514047,0.0026424,0.510975,0.5725,0.49145,0.3938,0.46345
MOD13A3_061__1_km_monthly_EVI_doy2021182000000_aid0001,_1_km_monthly_EVI,aid0001,2021-07-01,314.0,0.3003,0.6137,"(0.3003,0.6137)",0.4809812,0.0437198,0.0019114,0.506575,0.5802,0.48485,0.3835,0.457325
MOD13A3_061__1_km_monthly_EVI_doy2021213000000_aid0001,_1_km_monthly_EVI,aid0001,2021-08-01,314.0,0.27,0.6016,"(0.27,0.6016)",0.5319959,0.0479386,0.0022981,0.568925,0.6016,0.5407,0.4258,0.509925
MOD13A3_061__1_km_monthly_EVI_doy2021244000000_aid0001,_1_km_monthly_EVI,aid0001,2021-09-01,314.0,0.3376,0.6055,"(0.3376,0.6055)",0.5180704,0.0474302,0.0022496,0.553325,0.6055,0.5221,0.3905,0.485175
MOD13A3_061__1_km_monthly_EVI_doy2021274000000_aid0001,_1_km_monthly_EVI,aid0001,2021-10-01,314.0,0.3075,0.566,"(0.3075,0.566)",0.4779981,0.0426573,0.0018196,0.5107,0.566,0.4832,0.3659,0.45145
MOD13A3_061__1_km_monthly_EVI_doy2021305000000_aid0001,_1_km_monthly_EVI,aid0001,2021-11-01,314.0,0.2642,0.5757,"(0.2642,0.5757)",0.485807,0.0412065,0.001698,0.511175,0.5757,0.49095,0.3994,0.4646
MOD13A3_061__1_km_monthly_EVI_doy2021335000000_aid0001,_1_km_monthly_EVI,aid0001,2021-12-01,314.0,0.2243,0.5752,"(0.2243,0.5752)",0.4836643,0.0524773,0.0027539,0.51405,0.5752,0.49495,0.39,0.463
MOD13A3_061__1_km_monthly_EVI_doy2022001000000_aid0001,_1_km_monthly_EVI,aid0001,2022-01-01,314.0,0.2612,0.6003,"(0.2612,0.6003)",0.4719541,0.0423174,0.0017908,0.4968,0.5741,0.4683,0.3761,0.4452
MOD13A3_061__1_km_monthly_EVI_doy2022032000000_aid0001,_1_km_monthly_EVI,aid0001,2022-02-01,314.0,0.2794,0.6002,"(0.2794,0.6002)",0.4533354,0.0453312,0.0020549,0.48215,0.5544,0.4588,0.3447,0.4266
MOD13A3_061__1_km_monthly_EVI_doy2022060000000_aid0001,_1_km_monthly_EVI,aid0001,2022-03-01,314.0,0.2207,0.5937,"(0.2207,0.5937)",0.4865764,0.0671354,0.0045072,0.52705,0.5937,0.50105,0.3596,0.45985
MOD13A3_061__1_km_monthly_EVI_doy2022091000000_aid0001,_1_km_monthly_EVI,aid0001,2022-04-01,314.0,0.218,0.5808,"(0.218,0.5808)",0.4816191,0.0543542,0.0029544,0.515475,0.5808,0.49095,0.3869,0.4636
MOD13A3_061__1_km_monthly_EVI_doy2022121000000_aid0001,_1_km_monthly_EVI,aid0001,2022-05-01,314.0,0.2361,0.6031,"(0.2361,0.6031)",0.4911354,0.0490834,0.0024092,0.523825,0.6031,0.50055,0.3795,0.4645
MOD13A3_061__1_km_monthly_EVI_doy2022152000000_aid0001,_1_km_monthly_EVI,aid0001,2022-06-01,314.0,0.1404,0.5994,"(0.1404,0.5994)",0.4641264,0.0810163,0.0065636,0.51085,0.5994,0.4833,0.3662,0.4517
MOD13A3_061__1_km_monthly_EVI_doy2022182000000_aid0001,_1_km_monthly_EVI,aid0001,2022-07-01,314.0,0.3161,0.606,"(0.3161,0.606)",0.5115245,0.0449478,0.0020203,0.545525,0.606,0.5151,0.4049,0.482725
MOD13A3_061__1_km_monthly_EVI_doy2022213000000_aid0001,_1_km_monthly_EVI,aid0001,2022-08-01,314.0,0.3186,0.5824,"(0.3186,0.5824)",0.4892,0.0357446,0.0012777,0.51035,0.56,0.49585,0.4227,0.47525
MOD13A3_061__1_km_monthly_EVI_doy2022244000000_aid0001,_1_km_monthly_EVI,aid0001,2022-09-01,314.0,0.227,0.6104,"(0.227,0.6104)",0.4969204,0.057796,0.0033404,0.534225,0.6104,0.5083,0.3702,0.464525
MOD13A3_061__1_km_monthly_EVI_doy2022274000000_aid0001,_1_km_monthly_EVI,aid0001,2022-10-01,314.0,0.3117,0.607,"(0.3117,0.607)",0.4531369,0.0528671,0.0027949,0.48245,0.5627,0.4551,0.3483,0.42875
MOD13A3_061__1_km_monthly_EVI_doy2022305000000_aid0001,_1_km_monthly_EVI,aid0001,2022-11-01,314.0,0.077,0.574,"(0.077,0.574)",0.4498815,0.0862391,0.0074372,0.50395,0.574,0.4641,0.2957,0.42055
MOD13A3_061__1_km_monthly_EVI_doy2022335000000_aid0001,_1_km_monthly_EVI,aid0001,2022-12-01,314.0,0.2675,0.5739,"(0.2675,0.5739)",0.4462194,0.0475952,0.0022653,0.47795,0.5447,0.4526,0.3577,0.428475
MOD13A3_061__1_km_monthly_EVI_doy2023001000000_aid0001,_1_km_monthly_EVI,aid0001,2023-01-01,314.0,0.3165,0.5871,"(0.3165,0.5871)",0.4976118,0.0474635,0.0022528,0.537725,0.5871,0.50345,0.3841,0.457475
MOD13A3_061__1_km_monthly_EVI_doy2023032000000_aid0001,_1_km_monthly_EVI,aid0001,2023-02-01,314.0,0.2547,0.5556,"(0.2547,0.5556)",0.4514959,0.0591522,0.003499,0.507175,0.5556,0.447,0.2547,0.405325
MOD13A3_061__1_km_monthly_EVI_doy2023060000000_aid0001,_1_km_monthly_EVI,aid0001,2023-03-01,314.0,0.2847,0.5778,"(0.2847,0.5778)",0.4974885,0.0403183,0.0016256,0.527825,0.5778,0.5011,0.4076,0.475025
MOD13A3_061__1_km_monthly_EVI_doy2023091000000_aid0001,_1_km_monthly_EVI,aid0001,2023-04-01,314.0,0.2996,0.6347,"(0.2996,0.6347)",0.5027815,0.0753191,0.005673,0.5522,0.6347,0.51525,0.3504,0.4711
MOD13A3_061__1_km_monthly_EVI_doy2023121000000_aid0001,_1_km_monthly_EVI,aid0001,2023-05-01,314.0,0.2897,0.5954,"(0.2897,0.5954)",0.4902729,0.0663479,0.004402,0.534575,0.5954,0.50805,0.3628,0.4649
MOD13A3_061__1_km_monthly_EVI_doy2023152000000_aid0001,_1_km_monthly_EVI,aid0001,2023-06-01,314.0,0.282,0.5998,"(0.282,0.5998)",0.4977143,0.0515758,0.0026601,0.5345,0.5998,0.504,0.3784,0.47145
MOD13A3_061__1_km_monthly_EVI_doy2023182000000_aid0001,_1_km_monthly_EVI,aid0001,2023-07-01,314.0,0.2957,0.6355,"(0.2957,0.6355)",0.5109551,0.054352,0.0029541,0.549325,0.6355,0.51695,0.3823,0.4819
MOD13A3_061__1_km_monthly_EVI_doy2023213000000_aid0001,_1_km_monthly_EVI,aid0001,2023-08-01,314.0,0.3224,0.6351,"(0.3224,0.6351)",0.5006484,0.0536014,0.0028731,0.534775,0.5977,0.51105,0.4083,0.483975
MOD13A3_061__1_km_monthly_EVI_doy2023244000000_aid0001,_1_km_monthly_EVI,aid0001,2023-09-01,314.0,0.3426,0.6002,"(0.3426,0.6002)",0.5196459,0.0419434,0.0017592,0.550225,0.6002,0.52685,0.4261,0.500325
MOD13A3_061__1_km_monthly_EVI_doy2023274000000_aid0001,_1_km_monthly_EVI,aid0001,2023-10-01,314.0,0.287,0.5973,"(0.287,0.5973)",0.4916048,0.0477379,0.0022789,0.520125,0.5973,0.4918,0.3841,0.4656
MOD13A3_061__1_km_monthly_EVI_doy2023305000000_aid0001,_1_km_monthly_EVI,aid0001,2023-11-01,314.0,0.3151,0.578,"(0.3151,0.578)",0.4765752,0.0588004,0.0034575,0.51955,0.578,0.4961,0.3516,0.451725
MOD13A3_061__1_km_monthly_EVI_doy2023335000000_aid0001,_1_km_monthly_EVI,aid0001,2023-12-01,314.0,0.3076,0.5606,"(0.3076,0.5606)",0.4731452,0.0449387,0.0020195,0.50415,0.5606,0.48145,0.3654,0.4473
MOD13A3_061__1_km_monthly_EVI_doy2024001000000_aid0001,_1_km_monthly_EVI,aid0001,2024-01-01,314.0,0.2773,0.551,"(0.2773,0.551)",0.4348631,0.0386592,0.0014945,0.45585,0.5216,0.43505,0.3467,0.4115
MOD13A3_061__1_km_monthly_EVI_doy2024032000000_aid0001,_1_km_monthly_EVI,aid0001,2024-02-01,314.0,0.2444,0.5974,"(0.2444,0.5974)",0.4120672,0.0446325,0.0019921,0.4296,0.4951,0.4062,0.3225,0.38435
MOD13A3_061__1_km_monthly_EVI_doy2024061000000_aid0001,_1_km_monthly_EVI,aid0001,2024-03-01,314.0,0.2268,0.6399,"(0.2268,0.6399)",0.4319764,0.0602587,0.0036311,0.471025,0.5902,0.44045,0.2697,0.38565
MOD13A3_061__1_km_monthly_EVI_doy2024092000000_aid0001,_1_km_monthly_EVI,aid0001,2024-04-01,314.0,0.1717,0.6399,"(0.1717,0.6399)",0.4735898,0.0498364,0.0024837,0.504975,0.5605,0.48155,0.3742,0.447225
MOD13A3_061__1_km_monthly_EVI_doy2024122000000_aid0001,_1_km_monthly_EVI,aid0001,2024-05-01,314.0,0.3048,0.6054,"(0.3048,0.6054)",0.4797975,0.067824,0.0046001,0.529475,0.6054,0.49045,0.3233,0.444625
MOD13A3_061__1_km_monthly_EVI_doy2024153000000_aid0001,_1_km_monthly_EVI,aid0001,2024-06-01,314.0,0.301,0.6441,"(0.301,0.6441)",0.4829646,0.0697498,0.004865,0.529275,0.6441,0.49615,0.3233,0.4456
MOD13A3_061__1_km_monthly_EVI_doy2024183000000_aid0001,_1_km_monthly_EVI,aid0001,2024-07-01,314.0,0.3086,0.6226,"(0.3086,0.6226)",0.5101006,0.0467222,0.002183,0.538125,0.6226,0.5129,0.3957,0.4793
MOD13A3_061__1_km_monthly_EVI_doy2024214000000_aid0001,_1_km_monthly_EVI,aid0001,2024-08-01,314.0,0.291,0.5961,"(0.291,0.5961)",0.4936439,0.0413573,0.0017104,0.5219,0.5961,0.4985,0.393,0.47
MOD13A3_061__1_km_monthly_EVI_doy2024245000000_aid0001,_1_km_monthly_EVI,aid0001,2024-09-01,314.0,0.276,0.5588,"(0.276,0.5588)",0.4717828,0.0435134,0.0018934,0.50275,0.5588,0.4786,0.3608,0.443625
MOD13A3_061__1_km_monthly_EVI_doy2024275000000_aid0001,_1_km_monthly_EVI,aid0001,2024-10-01,314.0,0.293,0.5484,"(0.293,0.5484)",0.4596847,0.0503965,0.0025398,0.4949,0.5484,0.4721,0.3434,0.427225
MOD13A3_061__1_km_monthly_EVI_doy2024306000000_aid0001,_1_km_monthly_EVI,aid0001,2024-11-01,314.0,0.2099,0.642,"(0.2099,0.642)",0.5032465,0.0762112,0.0058081,0.554325,0.642,0.51895,0.3489,0.471625
MOD13A3_061__1_km_monthly_EVI_doy2024336000000_aid0001,_1_km_monthly_EVI,aid0001,2024-12-01,314.0,0.2619,0.6145,"(0.2619,0.6145)",0.5030959,0.0603725,0.0036448,0.5438,0.6145,0.5081,0.3809,0.47765
MOD13A3_061__1_km_monthly_EVI_doy2025001000000_aid0001,_1_km_monthly_EVI,aid0001,2025-01-01,314.0,0.2852,0.5591,"(0.2852,0.5591)",0.4296656,0.0520957,0.002714,0.462175,0.5435,0.4406,0.3249,0.4068
MOD13A3_061__1_km_monthly_EVI_doy2025032000000_aid0001,_1_km_monthly_EVI,aid0001,2025-02-01,314.0,0.2902,0.6857,"(0.2902,0.6857)",0.5287768,0.0950859,0.0090413,0.59095,0.6857,0.56755,0.367,0.501
MOD13A3_061__1_km_monthly_EVI_doy2025060000000_aid0001,_1_km_monthly_EVI,aid0001,2025-03-01,314.0,0.1671,0.6578,"(0.1671,0.6578)",0.5199643,0.059501,0.0035404,0.561425,0.6578,0.51995,0.3888,0.4847
MOD13A3_061__1_km_monthly_EVI_doy2025091000000_aid0001,_1_km_monthly_EVI,aid0001,2025-04-01,314.0,0.3328,0.6414,"(0.3328,0.6414)",0.5564777,0.0450143,0.0020263,0.591525,0.6414,0.5611,0.4513,0.52775
MOD13A3_061__1_km_monthly_EVI_doy2025121000000_aid0001,_1_km_monthly_EVI,aid0001,2025-05-01,314.0,0.3438,0.587,"(0.3438,0.587)",0.4845108,0.0542036,0.002938,0.52735,0.587,0.49235,0.3438,0.44465
MOD13A3_061__1_km_monthly_EVI_doy2025152000000_aid0001,_1_km_monthly_EVI,aid0001,2025-06-01,314.0,0.2936,0.587,"(0.2936,0.587)",0.4549354,0.0576575,0.0033244,0.492625,0.587,0.45685,0.3165,0.42105
MOD13A3_061__1_km_monthly_EVI_doy2025182000000_aid0001,_1_km_monthly_EVI,aid0001,2025-07-01,314.0,0.307,0.6193,"(0.307,0.6193)",0.4695089,0.0494716,0.0024474,0.502125,0.5872,0.4688,0.3623,0.443775
MOD13A3_061__1_km_monthly_EVI_doy2025213000000_aid0001,_1_km_monthly_EVI,aid0001,2025-08-01,314.0,0.3429,0.6079,"(0.3429,0.6079)",0.5167984,0.0415802,0.0017289,0.546475,0.6079,0.5214,0.4146,0.488725
MOD13A3_061__1_km_monthly_EVI_doy2025244000000_aid0001,_1_km_monthly_EVI,aid0001,2025-09-01,314.0,0.3229,0.6907,"(0.3229,0.6907)",0.5813449,0.0583223,0.0034015,0.62405,0.6907,0.59035,0.4432,0.5496
MOD13A3_061__1_km_monthly_EVI_doy2025274000000_aid0001,_1_km_monthly_EVI,aid0001,2025-10-01,314.0,0.3223,0.6497,"(0.3223,0.6497)",0.5059889,0.0642657,0.0041301,0.549775,0.6497,0.5164,0.3495,0.466825
MOD13A3_061__1_km_monthly_NDVI_doy2010001000000_aid0001,_1_km_monthly_NDVI,aid0001,2010-01-01,314.0,0.4629,0.8466,"(0.4629,0.8466)",0.7465318,0.0519158,0.0026952,0.7816,0.8466,0.7482,0.6304,0.718225
MOD13A3_061__1_km_monthly_NDVI_doy2010032000000_aid0001,_1_km_monthly_NDVI,aid0001,2010-02-01,314.0,0.4567,0.8709,"(0.4567,0.8709)",0.6802615,0.0603161,0.003638,0.717875,0.8226,0.6776,0.5333,0.638275
MOD13A3_061__1_km_monthly_NDVI_doy2010060000000_aid0001,_1_km_monthly_NDVI,aid0001,2010-03-01,314.0,0.4957,0.8495,"(0.4957,0.8495)",0.7174029,0.0475188,0.002258,0.748875,0.8379,0.7179,0.5998,0.689125
MOD13A3_061__1_km_monthly_NDVI_doy2010091000000_aid0001,_1_km_monthly_NDVI,aid0001,2010-04-01,314.0,0.5584,0.8761,"(0.5584,0.8761)",0.7523185,0.0402933,0.0016236,0.776625,0.8325,0.7567,0.6724,0.734825
MOD13A3_061__1_km_monthly_NDVI_doy2010121000000_aid0001,_1_km_monthly_NDVI,aid0001,2010-05-01,314.0,0.5122,0.8735,"(0.5122,0.8735)",0.7653108,0.0547955,0.0030025,0.79915,0.8735,0.7796,0.682,0.749525
MOD13A3_061__1_km_monthly_NDVI_doy2010152000000_aid0001,_1_km_monthly_NDVI,aid0001,2010-06-01,314.0,0.3773,0.8812,"(0.3773,0.8812)",0.780121,0.0633479,0.004013,0.81765,0.8812,0.7981,0.6999,0.7677
MOD13A3_061__1_km_monthly_NDVI_doy2010182000000_aid0001,_1_km_monthly_NDVI,aid0001,2010-07-01,314.0,0.3773,0.8587,"(0.3773,0.8587)",0.7770322,0.0553305,0.0030615,0.809,0.8587,0.7894,0.6928,0.761025
MOD13A3_061__1_km_monthly_NDVI_doy2010213000000_aid0001,_1_km_monthly_NDVI,aid0001,2010-08-01,314.0,0.2531,0.8375,"(0.2531,0.8375)",0.7544083,0.0502042,0.0025205,0.78085,0.8375,0.76105,0.6881,0.736875
MOD13A3_061__1_km_monthly_NDVI_doy2010244000000_aid0001,_1_km_monthly_NDVI,aid0001,2010-09-01,314.0,0.2824,0.8234,"(0.2824,0.8234)",0.7152411,0.0676217,0.0045727,0.746675,0.8025,0.73015,0.6556,0.706325
MOD13A3_061__1_km_monthly_NDVI_doy2010274000000_aid0001,_1_km_monthly_NDVI,aid0001,2010-10-01,314.0,0.1195,0.807,"(0.1195,0.807)",0.7190411,0.0748379,0.0056007,0.757575,0.807,0.73815,0.6328,0.70685
MOD13A3_061__1_km_monthly_NDVI_doy2010305000000_aid0001,_1_km_monthly_NDVI,aid0001,2010-11-01,314.0,0.0643,0.8612,"(0.0643,0.8612)",0.7093936,0.1141116,0.0130215,0.77055,0.8612,0.7445,0.6042,0.70315
MOD13A3_061__1_km_monthly_NDVI_doy2010335000000_aid0001,_1_km_monthly_NDVI,aid0001,2010-12-01,314.0,0.4038,0.8692,"(0.4038,0.8692)",0.762385,0.0540262,0.0029188,0.78785,0.8361,0.77065,0.7121,0.7516
MOD13A3_061__1_km_monthly_NDVI_doy2011001000000_aid0001,_1_km_monthly_NDVI,aid0001,2011-01-01,314.0,0.5118,0.8224,"(0.5118,0.8224)",0.7506207,0.0344163,0.0011845,0.7725,0.8224,0.7549,0.6743,0.7328
MOD13A3_061__1_km_monthly_NDVI_doy2011032000000_aid0001,_1_km_monthly_NDVI,aid0001,2011-02-01,314.0,0.4918,0.8432,"(0.4918,0.8432)",0.7386672,0.0433805,0.0018819,0.76115,0.818,0.74175,0.6628,0.7206
MOD13A3_061__1_km_monthly_NDVI_doy2011060000000_aid0001,_1_km_monthly_NDVI,aid0001,2011-03-01,314.0,0.5195,0.8556,"(0.5195,0.8556)",0.7271175,0.0472071,0.0022285,0.754875,0.8261,0.7297,0.6352,0.70575
MOD13A3_061__1_km_monthly_NDVI_doy2011091000000_aid0001,_1_km_monthly_NDVI,aid0001,2011-04-01,314.0,0.4852,0.8159,"(0.4852,0.8159)",0.7394408,0.036322,0.0013193,0.762675,0.8159,0.74345,0.6706,0.724225
MOD13A3_061__1_km_monthly_NDVI_doy2011121000000_aid0001,_1_km_monthly_NDVI,aid0001,2011-05-01,314.0,0.523,0.8469,"(0.523,0.8469)",0.7538812,0.0433978,0.0018834,0.7838,0.8469,0.75885,0.6536,0.73105
MOD13A3_061__1_km_monthly_NDVI_doy2011152000000_aid0001,_1_km_monthly_NDVI,aid0001,2011-06-01,314.0,0.4523,0.8611,"(0.4523,0.8611)",0.7496643,0.0512142,0.0026229,0.7823,0.8611,0.75875,0.6565,0.728025
MOD13A3_061__1_km_monthly_NDVI_doy2011182000000_aid0001,_1_km_monthly_NDVI,aid0001,2011-07-01,314.0,0.5274,0.8611,"(0.5274,0.8611)",0.7654395,0.0372894,0.0013905,0.78955,0.8438,0.76915,0.6837,0.746725
MOD13A3_061__1_km_monthly_NDVI_doy2011213000000_aid0001,_1_km_monthly_NDVI,aid0001,2011-08-01,314.0,0.5116,0.8783,"(0.5116,0.8783)",0.7549376,0.0376012,0.0014139,0.7822,0.8235,0.75965,0.6607,0.733475
MOD13A3_061__1_km_monthly_NDVI_doy2011244000000_aid0001,_1_km_monthly_NDVI,aid0001,2011-09-01,314.0,0.2249,0.8783,"(0.2249,0.8783)",0.7315666,0.0670126,0.0044907,0.7608,0.8218,0.74215,0.6584,0.718775
MOD13A3_061__1_km_monthly_NDVI_doy2011274000000_aid0001,_1_km_monthly_NDVI,aid0001,2011-10-01,314.0,0.092,0.8451,"(0.092,0.8451)",0.7099061,0.0849123,0.0072101,0.74425,0.7818,0.73015,0.6539,0.706925
MOD13A3_061__1_km_monthly_NDVI_doy2011305000000_aid0001,_1_km_monthly_NDVI,aid0001,2011-11-01,314.0,0.1018,0.8776,"(0.1018,0.8776)",0.7358685,0.1134847,0.0128788,0.788475,0.8556,0.76925,0.6603,0.7365
MOD13A3_061__1_km_monthly_NDVI_doy2011335000000_aid0001,_1_km_monthly_NDVI,aid0001,2011-12-01,314.0,0.4966,0.8445,"(0.4966,0.8445)",0.7815153,0.0320907,0.0010298,0.800975,0.8445,0.78475,0.7196,0.7677
MOD13A3_061__1_km_monthly_NDVI_doy2012001000000_aid0001,_1_km_monthly_NDVI,aid0001,2012-01-01,314.0,0.5115,0.8364,"(0.5115,0.8364)",0.7689064,0.0334439,0.0011185,0.78985,0.8364,0.77385,0.7044,0.754525
MOD13A3_061__1_km_monthly_NDVI_doy2012032000000_aid0001,_1_km_monthly_NDVI,aid0001,2012-02-01,302.0,0.5004,0.8879,"(0.5004,0.8879)",0.7492401,0.0432222,0.0018682,0.775625,0.8341,0.75005,0.6748,0.7307
MOD13A3_061__1_km_monthly_NDVI_doy2012061000000_aid0001,_1_km_monthly_NDVI,aid0001,2012-03-01,314.0,0.5,0.8841,"(0.5,0.8841)",0.7478723,0.0521776,0.0027225,0.783575,0.8841,0.7522,0.6196,0.714125
MOD13A3_061__1_km_monthly_NDVI_doy2012092000000_aid0001,_1_km_monthly_NDVI,aid0001,2012-04-01,314.0,0.2685,0.8693,"(0.2685,0.8693)",0.7540204,0.0668547,0.0044696,0.786475,0.8535,0.7622,0.6701,0.739575
MOD13A3_061__1_km_monthly_NDVI_doy2012122000000_aid0001,_1_km_monthly_NDVI,aid0001,2012-05-01,314.0,0.4936,0.855,"(0.4936,0.855)",0.7601975,0.0376065,0.0014143,0.781775,0.8389,0.7616,0.6876,0.7435
MOD13A3_061__1_km_monthly_NDVI_doy2012153000000_aid0001,_1_km_monthly_NDVI,aid0001,2012-06-01,314.0,0.6009,0.868,"(0.6009,0.868)",0.7764796,0.0339225,0.0011507,0.797175,0.8452,0.77955,0.7097,0.762125
MOD13A3_061__1_km_monthly_NDVI_doy2012183000000_aid0001,_1_km_monthly_NDVI,aid0001,2012-07-01,314.0,0.592,0.8819,"(0.592,0.8819)",0.7632939,0.0396233,0.00157,0.78595,0.8476,0.7649,0.6829,0.7446
MOD13A3_061__1_km_monthly_NDVI_doy2012214000000_aid0001,_1_km_monthly_NDVI,aid0001,2012-08-01,314.0,0.5031,0.8819,"(0.5031,0.8819)",0.7556939,0.0390479,0.0015247,0.777125,0.833,0.7572,0.6824,0.7387
MOD13A3_061__1_km_monthly_NDVI_doy2012245000000_aid0001,_1_km_monthly_NDVI,aid0001,2012-09-01,314.0,0.4531,0.8505,"(0.4531,0.8505)",0.7152898,0.0474312,0.0022497,0.738675,0.8114,0.71195,0.6229,0.6887
MOD13A3_061__1_km_monthly_NDVI_doy2012275000000_aid0001,_1_km_monthly_NDVI,aid0001,2012-10-01,314.0,0.4851,0.8426,"(0.4851,0.8426)",0.7321408,0.0401078,0.0016086,0.754,0.8241,0.73465,0.6435,0.70695
MOD13A3_061__1_km_monthly_NDVI_doy2012306000000_aid0001,_1_km_monthly_NDVI,aid0001,2012-11-01,314.0,0.2624,0.821,"(0.2624,0.821)",0.7493818,0.048312,0.0023341,0.77575,0.821,0.7568,0.6816,0.7378
MOD13A3_061__1_km_monthly_NDVI_doy2012336000000_aid0001,_1_km_monthly_NDVI,aid0001,2012-12-01,314.0,0.4946,0.849,"(0.4946,0.849)",0.7577341,0.0381581,0.001456,0.783575,0.849,0.76025,0.6732,0.7376
MOD13A3_061__1_km_monthly_NDVI_doy2013001000000_aid0001,_1_km_monthly_NDVI,aid0001,2013-01-01,314.0,0.4337,0.8389,"(0.4337,0.8389)",0.7154401,0.0602103,0.0036253,0.751675,0.8389,0.7213,0.5763,0.67825
MOD13A3_061__1_km_monthly_NDVI_doy2013032000000_aid0001,_1_km_monthly_NDVI,aid0001,2013-02-01,314.0,0.3669,0.8725,"(0.3669,0.8725)",0.7267729,0.0722392,0.0052185,0.769275,0.8725,0.736,0.5836,0.6916
MOD13A3_061__1_km_monthly_NDVI_doy2013060000000_aid0001,_1_km_monthly_NDVI,aid0001,2013-03-01,314.0,0.4016,0.8677,"(0.4016,0.8677)",0.7283061,0.0591849,0.0035029,0.76805,0.8677,0.73545,0.592,0.69315
MOD13A3_061__1_km_monthly_NDVI_doy2013091000000_aid0001,_1_km_monthly_NDVI,aid0001,2013-04-01,314.0,0.4553,0.8514,"(0.4553,0.8514)",0.7520455,0.0427965,0.0018315,0.7745,0.8313,0.7557,0.6746,0.7342
MOD13A3_061__1_km_monthly_NDVI_doy2013121000000_aid0001,_1_km_monthly_NDVI,aid0001,2013-05-01,314.0,0.2066,0.8445,"(0.2066,0.8445)",0.7546812,0.0839073,0.0070404,0.793825,0.8445,0.77875,0.6962,0.75435
MOD13A3_061__1_km_monthly_NDVI_doy2013152000000_aid0001,_1_km_monthly_NDVI,aid0001,2013-06-01,314.0,0.542,0.8981,"(0.542,0.8981)",0.7760682,0.0371876,0.0013829,0.79835,0.8409,0.78175,0.7084,0.76015
MOD13A3_061__1_km_monthly_NDVI_doy2013182000000_aid0001,_1_km_monthly_NDVI,aid0001,2013-07-01,314.0,0.5491,0.8136,"(0.5491,0.8136)",0.7621564,0.0318918,0.0010171,0.78295,0.8136,0.76795,0.7007,0.74825
MOD13A3_061__1_km_monthly_NDVI_doy2013213000000_aid0001,_1_km_monthly_NDVI,aid0001,2013-08-01,314.0,0.5007,0.9118,"(0.5007,0.9118)",0.783828,0.0451352,0.0020372,0.805,0.8552,0.7882,0.7204,0.769975
MOD13A3_061__1_km_monthly_NDVI_doy2013244000000_aid0001,_1_km_monthly_NDVI,aid0001,2013-09-01,314.0,0.4559,0.897,"(0.4559,0.897)",0.7343946,0.0542874,0.0029471,0.753825,0.8222,0.73185,0.6369,0.705925
MOD13A3_061__1_km_monthly_NDVI_doy2013274000000_aid0001,_1_km_monthly_NDVI,aid0001,2013-10-01,314.0,0.4847,0.8242,"(0.4847,0.8242)",0.7603857,0.0400223,0.0016018,0.78985,0.8242,0.7696,0.6648,0.73655
MOD13A3_061__1_km_monthly_NDVI_doy2013305000000_aid0001,_1_km_monthly_NDVI,aid0001,2013-11-01,314.0,0.088,0.8833,"(0.088,0.8833)",0.7189898,0.1156037,0.0133642,0.779525,0.8539,0.75105,0.6235,0.714825
MOD13A3_061__1_km_monthly_NDVI_doy2013335000000_aid0001,_1_km_monthly_NDVI,aid0001,2013-12-01,314.0,0.467,0.8603,"(0.467,0.8603)",0.7803178,0.0374349,0.0014014,0.802675,0.8603,0.78315,0.7073,0.763975
MOD13A3_061__1_km_monthly_NDVI_doy2014001000000_aid0001,_1_km_monthly_NDVI,aid0001,2014-01-01,314.0,0.4951,0.8205,"(0.4951,0.8205)",0.7621494,0.0395716,0.0015659,0.7878,0.8205,0.7698,0.6826,0.7437
MOD13A3_061__1_km_monthly_NDVI_doy2014032000000_aid0001,_1_km_monthly_NDVI,aid0001,2014-02-01,314.0,0.464,0.8365,"(0.464,0.8365)",0.7454755,0.0501898,0.002519,0.77975,0.8365,0.755,0.6393,0.7179
MOD13A3_061__1_km_monthly_NDVI_doy2014060000000_aid0001,_1_km_monthly_NDVI,aid0001,2014-03-01,314.0,0.3656,0.8578,"(0.3656,0.8578)",0.7309293,0.0543892,0.0029582,0.760575,0.845,0.7369,0.6171,0.70135
MOD13A3_061__1_km_monthly_NDVI_doy2014091000000_aid0001,_1_km_monthly_NDVI,aid0001,2014-04-01,314.0,0.5325,0.8575,"(0.5325,0.8575)",0.7447997,0.0396692,0.0015736,0.7686,0.8288,0.75135,0.6674,0.7268
MOD13A3_061__1_km_monthly_NDVI_doy2014121000000_aid0001,_1_km_monthly_NDVI,aid0001,2014-05-01,314.0,0.5472,0.8466,"(0.5472,0.8466)",0.7657675,0.0341009,0.0011629,0.784125,0.8362,0.76675,0.7,0.749075
MOD13A3_061__1_km_monthly_NDVI_doy2014152000000_aid0001,_1_km_monthly_NDVI,aid0001,2014-06-01,314.0,0.4961,0.8306,"(0.4961,0.8306)",0.7475398,0.0343382,0.0011791,0.769975,0.8148,0.75195,0.6768,0.73165
MOD13A3_061__1_km_monthly_NDVI_doy2014182000000_aid0001,_1_km_monthly_NDVI,aid0001,2014-07-01,314.0,0.4483,0.8163,"(0.4483,0.8163)",0.737193,0.0323836,0.0010487,0.7572,0.8052,0.74155,0.6783,0.723375
MOD13A3_061__1_km_monthly_NDVI_doy2014213000000_aid0001,_1_km_monthly_NDVI,aid0001,2014-08-01,314.0,0.4538,0.8439,"(0.4538,0.8439)",0.7349682,0.0430213,0.0018508,0.757675,0.8259,0.7385,0.6458,0.7118
MOD13A3_061__1_km_monthly_NDVI_doy2014244000000_aid0001,_1_km_monthly_NDVI,aid0001,2014-09-01,314.0,0.5443,0.8442,"(0.5443,0.8442)",0.7445844,0.0407984,0.0016645,0.767175,0.8307,0.74635,0.6647,0.724775
MOD13A3_061__1_km_monthly_NDVI_doy2014274000000_aid0001,_1_km_monthly_NDVI,aid0001,2014-10-01,314.0,0.0819,0.8751,"(0.0819,0.8751)",0.6916726,0.1490557,0.0222176,0.76955,0.8751,0.7366,0.5856,0.69135
MOD13A3_061__1_km_monthly_NDVI_doy2014305000000_aid0001,_1_km_monthly_NDVI,aid0001,2014-11-01,314.0,0.5497,0.8747,"(0.5497,0.8747)",0.7877965,0.0413027,0.0017059,0.81865,0.8747,0.79345,0.6773,0.76085
MOD13A3_061__1_km_monthly_NDVI_doy2014335000000_aid0001,_1_km_monthly_NDVI,aid0001,2014-12-01,314.0,0.4803,0.8676,"(0.4803,0.8676)",0.772707,0.0396145,0.0015693,0.79475,0.8506,0.77825,0.7044,0.756975
MOD13A3_061__1_km_monthly_NDVI_doy2015001000000_aid0001,_1_km_monthly_NDVI,aid0001,2015-01-01,314.0,0.428,0.8577,"(0.428,0.8577)",0.7386076,0.045005,0.0020255,0.759725,0.8169,0.74005,0.6606,0.718725
MOD13A3_061__1_km_monthly_NDVI_doy2015032000000_aid0001,_1_km_monthly_NDVI,aid0001,2015-02-01,314.0,0.4703,0.8977,"(0.4703,0.8977)",0.7443656,0.0401212,0.0016097,0.766925,0.8212,0.748,0.6749,0.728275
MOD13A3_061__1_km_monthly_NDVI_doy2015060000000_aid0001,_1_km_monthly_NDVI,aid0001,2015-03-01,314.0,0.413,0.8654,"(0.413,0.8654)",0.7296108,0.0549604,0.0030206,0.76085,0.8383,0.74035,0.6324,0.708575
MOD13A3_061__1_km_monthly_NDVI_doy2015091000000_aid0001,_1_km_monthly_NDVI,aid0001,2015-04-01,314.0,0.4378,0.8227,"(0.4378,0.8227)",0.733843,0.0475401,0.0022601,0.764975,0.8227,0.7395,0.6271,0.707425
MOD13A3_061__1_km_monthly_NDVI_doy2015121000000_aid0001,_1_km_monthly_NDVI,aid0001,2015-05-01,314.0,0.498,0.8598,"(0.498,0.8598)",0.7621236,0.0414622,0.0017191,0.790225,0.8598,0.7661,0.6552,0.73605
MOD13A3_061__1_km_monthly_NDVI_doy2015152000000_aid0001,_1_km_monthly_NDVI,aid0001,2015-06-01,314.0,0.467,0.8446,"(0.467,0.8446)",0.7686637,0.0447703,0.0020044,0.79295,0.8446,0.777,0.7057,0.754175
MOD13A3_061__1_km_monthly_NDVI_doy2015182000000_aid0001,_1_km_monthly_NDVI,aid0001,2015-07-01,314.0,0.4905,0.8598,"(0.4905,0.8598)",0.7690745,0.0380447,0.0014474,0.790275,0.8472,0.77405,0.6982,0.75195
MOD13A3_061__1_km_monthly_NDVI_doy2015213000000_aid0001,_1_km_monthly_NDVI,aid0001,2015-08-01,314.0,0.5201,0.8598,"(0.5201,0.8598)",0.7478866,0.0428804,0.0018387,0.7705,0.8373,0.753,0.6586,0.724875
MOD13A3_061__1_km_monthly_NDVI_doy2015244000000_aid0001,_1_km_monthly_NDVI,aid0001,2015-09-01,314.0,0.4,0.8225,"(0.4,0.8225)",0.7356322,0.0427493,0.0018275,0.7627,0.8225,0.7363,0.641,0.712975
MOD13A3_061__1_km_monthly_NDVI_doy2015274000000_aid0001,_1_km_monthly_NDVI,aid0001,2015-10-01,314.0,0.4487,0.811,"(0.4487,0.811)",0.7098662,0.0409229,0.0016747,0.73585,0.7913,0.71555,0.6287,0.691125
MOD13A3_061__1_km_monthly_NDVI_doy2015305000000_aid0001,_1_km_monthly_NDVI,aid0001,2015-11-01,314.0,0.4739,0.8378,"(0.4739,0.8378)",0.7570688,0.0406981,0.0016563,0.7822,0.8378,0.7644,0.6923,0.7426
MOD13A3_061__1_km_monthly_NDVI_doy2015335000000_aid0001,_1_km_monthly_NDVI,aid0001,2015-12-01,314.0,0.4448,0.8331,"(0.4448,0.8331)",0.7602554,0.0399957,0.0015997,0.784175,0.8331,0.76635,0.6904,0.7436
MOD13A3_061__1_km_monthly_NDVI_doy2016001000000_aid0001,_1_km_monthly_NDVI,aid0001,2016-01-01,314.0,0.4001,0.8643,"(0.4001,0.8643)",0.7195815,0.0526443,0.0027714,0.7468,0.8168,0.7214,0.6296,0.698725
MOD13A3_061__1_km_monthly_NDVI_doy2016032000000_aid0001,_1_km_monthly_NDVI,aid0001,2016-02-01,314.0,0.4171,0.9033,"(0.4171,0.9033)",0.6840605,0.0704851,0.0049681,0.708725,0.8003,0.6756,0.57,0.647625
MOD13A3_061__1_km_monthly_NDVI_doy2016061000000_aid0001,_1_km_monthly_NDVI,aid0001,2016-03-01,314.0,0.5071,0.8824,"(0.5071,0.8824)",0.7117268,0.0678569,0.0046046,0.74265,0.8389,0.7092,0.5808,0.6773
MOD13A3_061__1_km_monthly_NDVI_doy2016092000000_aid0001,_1_km_monthly_NDVI,aid0001,2016-04-01,314.0,0.5534,0.8845,"(0.5534,0.8845)",0.7384876,0.0478897,0.0022934,0.7627,0.8364,0.7376,0.6393,0.71315
MOD13A3_061__1_km_monthly_NDVI_doy2016122000000_aid0001,_1_km_monthly_NDVI,aid0001,2016-05-01,314.0,0.5465,0.864,"(0.5465,0.864)",0.7629876,0.0388828,0.0015119,0.792,0.864,0.7631,0.6881,0.7435
MOD13A3_061__1_km_monthly_NDVI_doy2016153000000_aid0001,_1_km_monthly_NDVI,aid0001,2016-06-01,314.0,0.4998,0.8471,"(0.4998,0.8471)",0.7834917,0.0371831,0.0013826,0.808175,0.8471,0.79005,0.7067,0.76615
MOD13A3_061__1_km_monthly_NDVI_doy2016183000000_aid0001,_1_km_monthly_NDVI,aid0001,2016-07-01,314.0,0.4857,0.8988,"(0.4857,0.8988)",0.7679978,0.0487584,0.0023774,0.79555,0.8713,0.76895,0.6746,0.74425
MOD13A3_061__1_km_monthly_NDVI_doy2016214000000_aid0001,_1_km_monthly_NDVI,aid0001,2016-08-01,314.0,0.4792,0.935,"(0.4792,0.935)",0.7661287,0.0476783,0.0022732,0.789425,0.8584,0.76765,0.674,0.742725
MOD13A3_061__1_km_monthly_NDVI_doy2016245000000_aid0001,_1_km_monthly_NDVI,aid0001,2016-09-01,314.0,0.5775,0.8513,"(0.5775,0.8513)",0.7675755,0.0351435,0.0012351,0.786475,0.8419,0.77265,0.6948,0.749175
MOD13A3_061__1_km_monthly_NDVI_doy2016275000000_aid0001,_1_km_monthly_NDVI,aid0001,2016-10-01,314.0,0.4269,0.8964,"(0.4269,0.8964)",0.743228,0.0544667,0.0029666,0.77045,0.8445,0.7478,0.6503,0.720575
MOD13A3_061__1_km_monthly_NDVI_doy2016306000000_aid0001,_1_km_monthly_NDVI,aid0001,2016-11-01,314.0,0.4238,0.8964,"(0.4238,0.8964)",0.7694029,0.0433411,0.0018785,0.79285,0.8501,0.77385,0.6907,0.75055
MOD13A3_061__1_km_monthly_NDVI_doy2016336000000_aid0001,_1_km_monthly_NDVI,aid0001,2016-12-01,314.0,0.4831,0.8954,"(0.4831,0.8954)",0.7715621,0.044269,0.0019597,0.797175,0.8453,0.77845,0.6979,0.7553
MOD13A3_061__1_km_monthly_NDVI_doy2017001000000_aid0001,_1_km_monthly_NDVI,aid0001,2017-01-01,314.0,0.5011,0.8508,"(0.5011,0.8508)",0.7804666,0.0355612,0.0012646,0.8011,0.8508,0.78565,0.7165,0.765525
MOD13A3_061__1_km_monthly_NDVI_doy2017032000000_aid0001,_1_km_monthly_NDVI,aid0001,2017-02-01,314.0,0.4739,0.8746,"(0.4739,0.8746)",0.7549806,0.0464778,0.0021602,0.786475,0.8709,0.75475,0.6433,0.72785
MOD13A3_061__1_km_monthly_NDVI_doy2017060000000_aid0001,_1_km_monthly_NDVI,aid0001,2017-03-01,314.0,0.5047,0.863,"(0.5047,0.863)",0.7541197,0.046892,0.0021989,0.782825,0.863,0.7548,0.6541,0.728725
MOD13A3_061__1_km_monthly_NDVI_doy2017091000000_aid0001,_1_km_monthly_NDVI,aid0001,2017-04-01,314.0,0.4671,0.863,"(0.4671,0.863)",0.7559573,0.046998,0.0022088,0.78165,0.8534,0.7584,0.6663,0.733325
MOD13A3_061__1_km_monthly_NDVI_doy2017121000000_aid0001,_1_km_monthly_NDVI,aid0001,2017-05-01,314.0,0.5236,0.8662,"(0.5236,0.8662)",0.7709777,0.040757,0.0016611,0.7938,0.8516,0.7771,0.7014,0.754725
MOD13A3_061__1_km_monthly_NDVI_doy2017152000000_aid0001,_1_km_monthly_NDVI,aid0001,2017-06-01,314.0,0.5282,0.8538,"(0.5282,0.8538)",0.7849376,0.0445444,0.0019842,0.812,0.8538,0.7968,0.7074,0.7689
MOD13A3_061__1_km_monthly_NDVI_doy2017182000000_aid0001,_1_km_monthly_NDVI,aid0001,2017-07-01,314.0,0.5285,0.8631,"(0.5285,0.8631)",0.7781003,0.0414805,0.0017206,0.80455,0.8631,0.78195,0.6913,0.759125
MOD13A3_061__1_km_monthly_NDVI_doy2017213000000_aid0001,_1_km_monthly_NDVI,aid0001,2017-08-01,314.0,0.5597,0.875,"(0.5597,0.875)",0.7616506,0.0376782,0.0014196,0.787375,0.8392,0.76675,0.6809,0.740725
MOD13A3_061__1_km_monthly_NDVI_doy2017244000000_aid0001,_1_km_monthly_NDVI,aid0001,2017-09-01,314.0,0.4124,0.8872,"(0.4124,0.8872)",0.7496121,0.0559365,0.0031289,0.7838,0.8648,0.75765,0.6462,0.726125
MOD13A3_061__1_km_monthly_NDVI_doy2017274000000_aid0001,_1_km_monthly_NDVI,aid0001,2017-10-01,314.0,0.3267,0.8787,"(0.3267,0.8787)",0.7409643,0.0655078,0.0042913,0.7794,0.8638,0.7499,0.6368,0.7194
MOD13A3_061__1_km_monthly_NDVI_doy2017305000000_aid0001,_1_km_monthly_NDVI,aid0001,2017-11-01,314.0,0.3476,0.8935,"(0.3476,0.8935)",0.7557968,0.059003,0.0034814,0.78725,0.8396,0.76625,0.6838,0.743125
MOD13A3_061__1_km_monthly_NDVI_doy2017335000000_aid0001,_1_km_monthly_NDVI,aid0001,2017-12-01,314.0,0.4261,0.8526,"(0.4261,0.8526)",0.7660838,0.0439234,0.0019293,0.7877,0.8421,0.7723,0.6972,0.75065
MOD13A3_061__1_km_monthly_NDVI_doy2018001000000_aid0001,_1_km_monthly_NDVI,aid0001,2018-01-01,314.0,0.4168,0.8713,"(0.4168,0.8713)",0.7717834,0.0473845,0.0022453,0.8001,0.8713,0.77735,0.6835,0.750025
MOD13A3_061__1_km_monthly_NDVI_doy2018032000000_aid0001,_1_km_monthly_NDVI,aid0001,2018-02-01,314.0,0.43,0.8713,"(0.43,0.8713)",0.7322519,0.0570739,0.0032574,0.76285,0.8471,0.7394,0.6157,0.703125
MOD13A3_061__1_km_monthly_NDVI_doy2018060000000_aid0001,_1_km_monthly_NDVI,aid0001,2018-03-01,314.0,0.3808,0.8946,"(0.3808,0.8946)",0.7346605,0.0633694,0.0040157,0.774425,0.8765,0.74235,0.6076,0.7011
MOD13A3_061__1_km_monthly_NDVI_doy2018091000000_aid0001,_1_km_monthly_NDVI,aid0001,2018-04-01,314.0,0.2235,0.8976,"(0.2235,0.8976)",0.750785,0.0784816,0.0061594,0.788775,0.8641,0.76345,0.6518,0.729725
MOD13A3_061__1_km_monthly_NDVI_doy2018121000000_aid0001,_1_km_monthly_NDVI,aid0001,2018-05-01,314.0,0.5288,0.8597,"(0.5288,0.8597)",0.7673589,0.0346706,0.001202,0.784425,0.8266,0.77095,0.7076,0.752325
MOD13A3_061__1_km_monthly_NDVI_doy2018152000000_aid0001,_1_km_monthly_NDVI,aid0001,2018-06-01,314.0,0.1082,0.8947,"(0.1082,0.8947)",0.7340395,0.1146629,0.0131476,0.788375,0.8735,0.76265,0.657,0.731425
MOD13A3_061__1_km_monthly_NDVI_doy2018182000000_aid0001,_1_km_monthly_NDVI,aid0001,2018-07-01,314.0,0.5139,0.8848,"(0.5139,0.8848)",0.7790503,0.039851,0.0015881,0.801425,0.8541,0.7831,0.7079,0.76315
MOD13A3_061__1_km_monthly_NDVI_doy2018213000000_aid0001,_1_km_monthly_NDVI,aid0001,2018-08-01,314.0,0.5297,0.8798,"(0.5297,0.8798)",0.7625984,0.0420563,0.0017687,0.781375,0.8375,0.7639,0.6948,0.74355
MOD13A3_061__1_km_monthly_NDVI_doy2018244000000_aid0001,_1_km_monthly_NDVI,aid0001,2018-09-01,314.0,0.4942,0.8614,"(0.4942,0.8614)",0.7213127,0.0458547,0.0021027,0.744225,0.8022,0.7263,0.6376,0.6985
MOD13A3_061__1_km_monthly_NDVI_doy2018274000000_aid0001,_1_km_monthly_NDVI,aid0001,2018-10-01,314.0,0.4854,0.8404,"(0.4854,0.8404)",0.7477264,0.0517412,0.0026772,0.78115,0.8404,0.75625,0.6389,0.722825
MOD13A3_061__1_km_monthly_NDVI_doy2018305000000_aid0001,_1_km_monthly_NDVI,aid0001,2018-11-01,314.0,0.1792,0.8664,"(0.1792,0.8664)",0.7582691,0.0771665,0.0059547,0.793175,0.8469,0.7777,0.695,0.749925
MOD13A3_061__1_km_monthly_NDVI_doy2018335000000_aid0001,_1_km_monthly_NDVI,aid0001,2018-12-01,314.0,0.4479,0.8631,"(0.4479,0.8631)",0.7765873,0.0420167,0.0017654,0.799425,0.8534,0.78165,0.7076,0.7623
MOD13A3_061__1_km_monthly_NDVI_doy2019001000000_aid0001,_1_km_monthly_NDVI,aid0001,2019-01-01,314.0,0.5127,0.8421,"(0.5127,0.8421)",0.7677401,0.0380976,0.0014514,0.788075,0.8409,0.77285,0.6995,0.75215
MOD13A3_061__1_km_monthly_NDVI_doy2019032000000_aid0001,_1_km_monthly_NDVI,aid0001,2019-02-01,314.0,0.4878,0.8517,"(0.4878,0.8517)",0.7459962,0.0414301,0.0017165,0.763375,0.8163,0.74595,0.6722,0.726325
MOD13A3_061__1_km_monthly_NDVI_doy2019060000000_aid0001,_1_km_monthly_NDVI,aid0001,2019-03-01,314.0,0.4796,0.8876,"(0.4796,0.8876)",0.7644726,0.0519264,0.0026964,0.786875,0.8569,0.7639,0.6785,0.73975
MOD13A3_061__1_km_monthly_NDVI_doy2019091000000_aid0001,_1_km_monthly_NDVI,aid0001,2019-04-01,314.0,0.4568,0.8768,"(0.4568,0.8768)",0.7466834,0.053906,0.0029059,0.76485,0.8213,0.75005,0.6764,0.7269
MOD13A3_061__1_km_monthly_NDVI_doy2019121000000_aid0001,_1_km_monthly_NDVI,aid0001,2019-05-01,314.0,0.4734,0.8772,"(0.4734,0.8772)",0.7707675,0.0558432,0.0031185,0.8045,0.8772,0.7772,0.6638,0.746875
MOD13A3_061__1_km_monthly_NDVI_doy2019152000000_aid0001,_1_km_monthly_NDVI,aid0001,2019-06-01,314.0,0.4325,0.8299,"(0.4325,0.8299)",0.7571411,0.0440393,0.0019395,0.7838,0.8299,0.7657,0.675,0.735475
MOD13A3_061__1_km_monthly_NDVI_doy2019182000000_aid0001,_1_km_monthly_NDVI,aid0001,2019-07-01,314.0,0.513,0.8622,"(0.513,0.8622)",0.7397752,0.0351525,0.0012357,0.760125,0.8103,0.74525,0.6764,0.72425
MOD13A3_061__1_km_monthly_NDVI_doy2019213000000_aid0001,_1_km_monthly_NDVI,aid0001,2019-08-01,314.0,0.5036,0.8279,"(0.5036,0.8279)",0.7351166,0.0444132,0.0019725,0.760575,0.8279,0.73485,0.6454,0.71065
MOD13A3_061__1_km_monthly_NDVI_doy2019244000000_aid0001,_1_km_monthly_NDVI,aid0001,2019-09-01,314.0,0.4964,0.8342,"(0.4964,0.8342)",0.7257704,0.0500768,0.0025077,0.7587,0.8342,0.72655,0.6105,0.696825
MOD13A3_061__1_km_monthly_NDVI_doy2019274000000_aid0001,_1_km_monthly_NDVI,aid0001,2019-10-01,314.0,0.4233,0.875,"(0.4233,0.875)",0.7311608,0.0480515,0.0023089,0.758675,0.8177,0.73505,0.6391,0.708925
MOD13A3_061__1_km_monthly_NDVI_doy2019305000000_aid0001,_1_km_monthly_NDVI,aid0001,2019-11-01,314.0,0.5072,0.8315,"(0.5072,0.8315)",0.7480538,0.0402274,0.0016182,0.77155,0.8228,0.754,0.6784,0.732725
MOD13A3_061__1_km_monthly_NDVI_doy2019335000000_aid0001,_1_km_monthly_NDVI,aid0001,2019-12-01,314.0,0.541,0.8447,"(0.541,0.8447)",0.7726873,0.037528,0.0014084,0.794375,0.8447,0.7787,0.7076,0.757475
MOD13A3_061__1_km_monthly_NDVI_doy2020001000000_aid0001,_1_km_monthly_NDVI,aid0001,2020-01-01,314.0,0.5297,0.8685,"(0.5297,0.8685)",0.768607,0.0433296,0.0018775,0.7884,0.8481,0.7716,0.701,0.74845
MOD13A3_061__1_km_monthly_NDVI_doy2020032000000_aid0001,_1_km_monthly_NDVI,aid0001,2020-02-01,314.0,0.4793,0.8627,"(0.4793,0.8627)",0.7241341,0.0550358,0.0030289,0.74575,0.8215,0.72085,0.6218,0.6942
MOD13A3_061__1_km_monthly_NDVI_doy2020061000000_aid0001,_1_km_monthly_NDVI,aid0001,2020-03-01,314.0,0.4494,0.8855,"(0.4494,0.8855)",0.7112252,0.0652144,0.0042529,0.74375,0.8453,0.7079,0.5791,0.67565
MOD13A3_061__1_km_monthly_NDVI_doy2020092000000_aid0001,_1_km_monthly_NDVI,aid0001,2020-04-01,314.0,0.4472,0.8442,"(0.4472,0.8442)",0.7298188,0.0554769,0.0030777,0.7669,0.8442,0.73235,0.612,0.70145
MOD13A3_061__1_km_monthly_NDVI_doy2020122000000_aid0001,_1_km_monthly_NDVI,aid0001,2020-05-01,314.0,0.466,0.8551,"(0.466,0.8551)",0.7545818,0.0444895,0.0019793,0.779375,0.8414,0.7583,0.6666,0.732925
MOD13A3_061__1_km_monthly_NDVI_doy2020153000000_aid0001,_1_km_monthly_NDVI,aid0001,2020-06-01,314.0,0.4127,0.89,"(0.4127,0.89)",0.7782392,0.0538303,0.0028977,0.8081,0.8665,0.78655,0.6959,0.760725
MOD13A3_061__1_km_monthly_NDVI_doy2020183000000_aid0001,_1_km_monthly_NDVI,aid0001,2020-07-01,314.0,0.4491,0.8528,"(0.4491,0.8528)",0.7720981,0.0464322,0.002156,0.799575,0.8528,0.7812,0.6954,0.753275
MOD13A3_061__1_km_monthly_NDVI_doy2020214000000_aid0001,_1_km_monthly_NDVI,aid0001,2020-08-01,314.0,0.4739,0.875,"(0.4739,0.875)",0.7744226,0.0454436,0.0020651,0.801375,0.8675,0.78,0.698,0.75605
MOD13A3_061__1_km_monthly_NDVI_doy2020245000000_aid0001,_1_km_monthly_NDVI,aid0001,2020-09-01,314.0,0.3596,0.8853,"(0.3596,0.8853)",0.7520143,0.0565093,0.0031933,0.7797,0.8515,0.7557,0.6623,0.73095
MOD13A3_061__1_km_monthly_NDVI_doy2020275000000_aid0001,_1_km_monthly_NDVI,aid0001,2020-10-01,314.0,0.4692,0.8881,"(0.4692,0.8881)",0.7529382,0.0531814,0.0028283,0.778375,0.8436,0.7587,0.6694,0.734675
MOD13A3_061__1_km_monthly_NDVI_doy2020306000000_aid0001,_1_km_monthly_NDVI,aid0001,2020-11-01,314.0,0.4391,0.8589,"(0.4391,0.8589)",0.7592092,0.05258,0.0027647,0.790975,0.8589,0.7732,0.6722,0.74245
MOD13A3_061__1_km_monthly_NDVI_doy2020336000000_aid0001,_1_km_monthly_NDVI,aid0001,2020-12-01,314.0,0.463,0.8648,"(0.463,0.8648)",0.7623745,0.040939,0.001676,0.7859,0.8439,0.7657,0.6851,0.741625
MOD13A3_061__1_km_monthly_NDVI_doy2021001000000_aid0001,_1_km_monthly_NDVI,aid0001,2021-01-01,314.0,0.475,0.831,"(0.475,0.831)",0.759451,0.0396465,0.0015718,0.7796,0.831,0.76435,0.6945,0.74435
MOD13A3_061__1_km_monthly_NDVI_doy2021032000000_aid0001,_1_km_monthly_NDVI,aid0001,2021-02-01,314.0,0.4432,0.8761,"(0.4432,0.8761)",0.7550545,0.0461619,0.0021309,0.773875,0.823,0.7563,0.6906,0.73985
MOD13A3_061__1_km_monthly_NDVI_doy2021060000000_aid0001,_1_km_monthly_NDVI,aid0001,2021-03-01,314.0,0.2078,0.8411,"(0.2078,0.8411)",0.7246516,0.0593226,0.0035192,0.747375,0.796,0.73305,0.6686,0.714475
MOD13A3_061__1_km_monthly_NDVI_doy2021091000000_aid0001,_1_km_monthly_NDVI,aid0001,2021-04-01,314.0,0.4695,0.8875,"(0.4695,0.8875)",0.7462984,0.046594,0.002171,0.769925,0.841,0.7458,0.6511,0.720525
MOD13A3_061__1_km_monthly_NDVI_doy2021121000000_aid0001,_1_km_monthly_NDVI,aid0001,2021-05-01,314.0,0.3146,0.9168,"(0.3146,0.9168)",0.7659083,0.0603327,0.00364,0.7958,0.8663,0.77515,0.6745,0.7457
MOD13A3_061__1_km_monthly_NDVI_doy2021152000000_aid0001,_1_km_monthly_NDVI,aid0001,2021-06-01,314.0,0.5247,0.9283,"(0.5247,0.9283)",0.7818156,0.0454017,0.0020613,0.8047,0.8618,0.7877,0.7097,0.763875
MOD13A3_061__1_km_monthly_NDVI_doy2021182000000_aid0001,_1_km_monthly_NDVI,aid0001,2021-07-01,314.0,0.4924,0.913,"(0.4924,0.913)",0.7632392,0.0500206,0.0025021,0.7856,0.8502,0.7628,0.6751,0.740875
MOD13A3_061__1_km_monthly_NDVI_doy2021213000000_aid0001,_1_km_monthly_NDVI,aid0001,2021-08-01,314.0,0.4779,0.913,"(0.4779,0.913)",0.7667404,0.0482495,0.002328,0.78765,0.848,0.7699,0.6882,0.746525
MOD13A3_061__1_km_monthly_NDVI_doy2021244000000_aid0001,_1_km_monthly_NDVI,aid0001,2021-09-01,314.0,0.5529,0.8781,"(0.5529,0.8781)",0.7422611,0.0439739,0.0019337,0.770675,0.8479,0.75335,0.6393,0.717525
MOD13A3_061__1_km_monthly_NDVI_doy2021274000000_aid0001,_1_km_monthly_NDVI,aid0001,2021-10-01,314.0,0.4821,0.8778,"(0.4821,0.8778)",0.7407567,0.0446958,0.0019977,0.7701,0.8402,0.73855,0.6519,0.720025
MOD13A3_061__1_km_monthly_NDVI_doy2021305000000_aid0001,_1_km_monthly_NDVI,aid0001,2021-11-01,314.0,0.4833,0.835,"(0.4833,0.835)",0.7577876,0.0401876,0.001615,0.781075,0.835,0.76315,0.695,0.741675
MOD13A3_061__1_km_monthly_NDVI_doy2021335000000_aid0001,_1_km_monthly_NDVI,aid0001,2021-12-01,314.0,0.5047,0.8604,"(0.5047,0.8604)",0.7582959,0.0484285,0.0023453,0.7844,0.8346,0.76805,0.6805,0.742625
MOD13A3_061__1_km_monthly_NDVI_doy2022001000000_aid0001,_1_km_monthly_NDVI,aid0001,2022-01-01,314.0,0.4424,0.8243,"(0.4424,0.8243)",0.7522965,0.0429361,0.0018435,0.77785,0.8243,0.7605,0.6731,0.73365
MOD13A3_061__1_km_monthly_NDVI_doy2022032000000_aid0001,_1_km_monthly_NDVI,aid0001,2022-02-01,314.0,0.446,0.8395,"(0.446,0.8395)",0.7354274,0.0546435,0.0029859,0.76645,0.8395,0.7432,0.6501,0.71665
MOD13A3_061__1_km_monthly_NDVI_doy2022060000000_aid0001,_1_km_monthly_NDVI,aid0001,2022-03-01,314.0,0.4082,0.8914,"(0.4082,0.8914)",0.7351398,0.0562394,0.0031629,0.7608,0.8273,0.744,0.6545,0.71325
MOD13A3_061__1_km_monthly_NDVI_doy2022091000000_aid0001,_1_km_monthly_NDVI,aid0001,2022-04-01,314.0,0.5342,0.8914,"(0.5342,0.8914)",0.7455968,0.044245,0.0019576,0.772375,0.8489,0.74445,0.6581,0.719875
MOD13A3_061__1_km_monthly_NDVI_doy2022121000000_aid0001,_1_km_monthly_NDVI,aid0001,2022-05-01,314.0,0.3011,0.8401,"(0.3011,0.8401)",0.7662822,0.05049,0.0025492,0.7936,0.8401,0.77365,0.6951,0.750975
MOD13A3_061__1_km_monthly_NDVI_doy2022152000000_aid0001,_1_km_monthly_NDVI,aid0001,2022-06-01,314.0,0.1795,0.8806,"(0.1795,0.8806)",0.7491758,0.0844498,0.0071318,0.790475,0.8505,0.77035,0.667,0.740175
MOD13A3_061__1_km_monthly_NDVI_doy2022182000000_aid0001,_1_km_monthly_NDVI,aid0001,2022-07-01,314.0,0.4978,0.8552,"(0.4978,0.8552)",0.7650108,0.0391954,0.0015363,0.78595,0.8428,0.7686,0.6909,0.747475
MOD13A3_061__1_km_monthly_NDVI_doy2022213000000_aid0001,_1_km_monthly_NDVI,aid0001,2022-08-01,314.0,0.5048,0.8407,"(0.5048,0.8407)",0.7680525,0.0354033,0.0012534,0.7867,0.8306,0.77465,0.7133,0.756775
MOD13A3_061__1_km_monthly_NDVI_doy2022244000000_aid0001,_1_km_monthly_NDVI,aid0001,2022-09-01,314.0,0.5281,0.8854,"(0.5281,0.8854)",0.7422885,0.0519005,0.0026937,0.773,0.8389,0.7406,0.643,0.7186
MOD13A3_061__1_km_monthly_NDVI_doy2022274000000_aid0001,_1_km_monthly_NDVI,aid0001,2022-10-01,314.0,0.5282,0.8882,"(0.5282,0.8882)",0.7693621,0.0472791,0.0022353,0.792475,0.8566,0.7724,0.6773,0.74595
MOD13A3_061__1_km_monthly_NDVI_doy2022305000000_aid0001,_1_km_monthly_NDVI,aid0001,2022-11-01,314.0,0.1134,0.8865,"(0.1134,0.8865)",0.7438452,0.106824,0.0114114,0.801275,0.8865,0.7659,0.6384,0.7342
MOD13A3_061__1_km_monthly_NDVI_doy2022335000000_aid0001,_1_km_monthly_NDVI,aid0001,2022-12-01,314.0,0.4434,0.867,"(0.4434,0.867)",0.7697815,0.0407607,0.0016614,0.79105,0.8441,0.7732,0.7024,0.754425
MOD13A3_061__1_km_monthly_NDVI_doy2023001000000_aid0001,_1_km_monthly_NDVI,aid0001,2023-01-01,314.0,0.438,0.8507,"(0.438,0.8507)",0.7516232,0.0422297,0.0017833,0.772025,0.8295,0.7557,0.6801,0.7337
MOD13A3_061__1_km_monthly_NDVI_doy2023032000000_aid0001,_1_km_monthly_NDVI,aid0001,2023-02-01,314.0,0.4559,0.8582,"(0.4559,0.8582)",0.7543417,0.0471801,0.002226,0.778175,0.841,0.75485,0.6726,0.73565
MOD13A3_061__1_km_monthly_NDVI_doy2023060000000_aid0001,_1_km_monthly_NDVI,aid0001,2023-03-01,314.0,0.4621,0.8536,"(0.4621,0.8536)",0.7484809,0.0397407,0.0015793,0.76855,0.8172,0.7504,0.684,0.734675
MOD13A3_061__1_km_monthly_NDVI_doy2023091000000_aid0001,_1_km_monthly_NDVI,aid0001,2023-04-01,314.0,0.5526,0.8965,"(0.5526,0.8965)",0.7654621,0.053596,0.0028725,0.79715,0.8907,0.76685,0.6396,0.7339
MOD13A3_061__1_km_monthly_NDVI_doy2023121000000_aid0001,_1_km_monthly_NDVI,aid0001,2023-05-01,314.0,0.5592,0.8907,"(0.5592,0.8907)",0.7721564,0.0455549,0.0020753,0.798,0.8627,0.76945,0.6884,0.751975
MOD13A3_061__1_km_monthly_NDVI_doy2023152000000_aid0001,_1_km_monthly_NDVI,aid0001,2023-06-01,314.0,0.4968,0.8677,"(0.4968,0.8677)",0.7802758,0.0388028,0.0015057,0.801475,0.8529,0.78355,0.7154,0.766425
MOD13A3_061__1_km_monthly_NDVI_doy2023182000000_aid0001,_1_km_monthly_NDVI,aid0001,2023-07-01,314.0,0.4596,0.8828,"(0.4596,0.8828)",0.7642303,0.0449415,0.0020197,0.78765,0.8517,0.76735,0.6803,0.743975
MOD13A3_061__1_km_monthly_NDVI_doy2023213000000_aid0001,_1_km_monthly_NDVI,aid0001,2023-08-01,314.0,0.4891,0.8517,"(0.4891,0.8517)",0.7527271,0.0411573,0.0016939,0.777775,0.8269,0.75755,0.6654,0.73055
MOD13A3_061__1_km_monthly_NDVI_doy2023244000000_aid0001,_1_km_monthly_NDVI,aid0001,2023-09-01,314.0,0.4688,0.8229,"(0.4688,0.8229)",0.735058,0.0397613,0.001581,0.75625,0.8116,0.7377,0.6597,0.71555
MOD13A3_061__1_km_monthly_NDVI_doy2023274000000_aid0001,_1_km_monthly_NDVI,aid0001,2023-10-01,314.0,0.4701,0.8094,"(0.4701,0.8094)",0.746578,0.0367591,0.0013512,0.770075,0.8094,0.75165,0.6822,0.73105
MOD13A3_061__1_km_monthly_NDVI_doy2023305000000_aid0001,_1_km_monthly_NDVI,aid0001,2023-11-01,314.0,0.5143,0.8206,"(0.5143,0.8206)",0.7582831,0.0359121,0.0012897,0.778525,0.8206,0.76345,0.7028,0.7456
MOD13A3_061__1_km_monthly_NDVI_doy2023335000000_aid0001,_1_km_monthly_NDVI,aid0001,2023-12-01,314.0,0.4668,0.8234,"(0.4668,0.8234)",0.7514971,0.0426444,0.0018185,0.77955,0.8234,0.758,0.6683,0.73435
MOD13A3_061__1_km_monthly_NDVI_doy2024001000000_aid0001,_1_km_monthly_NDVI,aid0001,2024-01-01,314.0,0.4502,0.869,"(0.4502,0.869)",0.7639933,0.0501662,0.0025166,0.789825,0.8533,0.76735,0.6795,0.744425
MOD13A3_061__1_km_monthly_NDVI_doy2024032000000_aid0001,_1_km_monthly_NDVI,aid0001,2024-02-01,314.0,0.3909,0.8763,"(0.3909,0.8763)",0.7343535,0.0545127,0.0029716,0.7666,0.84,0.73825,0.6375,0.709125
MOD13A3_061__1_km_monthly_NDVI_doy2024061000000_aid0001,_1_km_monthly_NDVI,aid0001,2024-03-01,314.0,0.3451,0.9061,"(0.3451,0.9061)",0.7039541,0.0737846,0.0054442,0.75045,0.8825,0.70655,0.5281,0.6598
MOD13A3_061__1_km_monthly_NDVI_doy2024092000000_aid0001,_1_km_monthly_NDVI,aid0001,2024-04-01,314.0,0.3811,0.8825,"(0.3811,0.8825)",0.7100971,0.0510772,0.0026089,0.7358,0.8108,0.71065,0.6116,0.685575
MOD13A3_061__1_km_monthly_NDVI_doy2024122000000_aid0001,_1_km_monthly_NDVI,aid0001,2024-05-01,314.0,0.4509,0.8528,"(0.4509,0.8528)",0.7674605,0.0426574,0.0018197,0.788975,0.8484,0.77055,0.6909,0.747875
MOD13A3_061__1_km_monthly_NDVI_doy2024153000000_aid0001,_1_km_monthly_NDVI,aid0001,2024-06-01,314.0,0.4941,0.8528,"(0.4941,0.8528)",0.7845207,0.0395077,0.0015609,0.8055,0.8516,0.7892,0.7282,0.774325
MOD13A3_061__1_km_monthly_NDVI_doy2024183000000_aid0001,_1_km_monthly_NDVI,aid0001,2024-07-01,314.0,0.4762,0.8289,"(0.4762,0.8289)",0.7661611,0.0382733,0.0014648,0.791925,0.8289,0.77175,0.6938,0.751975
MOD13A3_061__1_km_monthly_NDVI_doy2024214000000_aid0001,_1_km_monthly_NDVI,aid0001,2024-08-01,314.0,0.4396,0.8342,"(0.4396,0.8342)",0.7692583,0.0411133,0.0016903,0.795475,0.8342,0.7762,0.6918,0.753225
MOD13A3_061__1_km_monthly_NDVI_doy2024245000000_aid0001,_1_km_monthly_NDVI,aid0001,2024-09-01,314.0,0.4469,0.8478,"(0.4469,0.8478)",0.7499217,0.0444798,0.0019785,0.777575,0.8478,0.75365,0.6554,0.72655
MOD13A3_061__1_km_monthly_NDVI_doy2024275000000_aid0001,_1_km_monthly_NDVI,aid0001,2024-10-01,314.0,0.4643,0.8554,"(0.4643,0.8554)",0.7517389,0.0470483,0.0022135,0.778075,0.8521,0.7548,0.6546,0.727625
MOD13A3_061__1_km_monthly_NDVI_doy2024306000000_aid0001,_1_km_monthly_NDVI,aid0001,2024-11-01,314.0,0.4519,0.8553,"(0.4519,0.8553)",0.7467838,0.0531061,0.0028203,0.775875,0.8373,0.7561,0.6738,0.7331
MOD13A3_061__1_km_monthly_NDVI_doy2024336000000_aid0001,_1_km_monthly_NDVI,aid0001,2024-12-01,314.0,0.4656,0.8526,"(0.4656,0.8526)",0.762278,0.0364583,0.0013292,0.7838,0.8243,0.77,0.7027,0.750625
MOD13A3_061__1_km_monthly_NDVI_doy2025001000000_aid0001,_1_km_monthly_NDVI,aid0001,2025-01-01,314.0,0.5033,0.8455,"(0.5033,0.8455)",0.7849965,0.0383674,0.0014721,0.8072,0.8455,0.79115,0.7269,0.774875
MOD13A3_061__1_km_monthly_NDVI_doy2025032000000_aid0001,_1_km_monthly_NDVI,aid0001,2025-02-01,314.0,0.5373,0.8421,"(0.5373,0.8421)",0.7363863,0.0482741,0.0023304,0.75905,0.8256,0.73515,0.6505,0.71345
MOD13A3_061__1_km_monthly_NDVI_doy2025060000000_aid0001,_1_km_monthly_NDVI,aid0001,2025-03-01,314.0,0.4694,0.7984,"(0.4694,0.7984)",0.7362959,0.0401437,0.0016115,0.7596,0.7984,0.74525,0.671,0.723375
MOD13A3_061__1_km_monthly_NDVI_doy2025091000000_aid0001,_1_km_monthly_NDVI,aid0001,2025-04-01,314.0,0.4837,0.7947,"(0.4837,0.7947)",0.7387987,0.0338304,0.0011445,0.758425,0.7947,0.7461,0.6784,0.7263
MOD13A3_061__1_km_monthly_NDVI_doy2025121000000_aid0001,_1_km_monthly_NDVI,aid0001,2025-05-01,314.0,0.5442,0.8388,"(0.5442,0.8388)",0.7655535,0.0410506,0.0016851,0.790175,0.8388,0.77175,0.6916,0.74965
MOD13A3_061__1_km_monthly_NDVI_doy2025152000000_aid0001,_1_km_monthly_NDVI,aid0001,2025-06-01,314.0,0.5502,0.8509,"(0.5502,0.8509)",0.784729,0.042353,0.0017938,0.8119,0.8509,0.79385,0.7071,0.76645
MOD13A3_061__1_km_monthly_NDVI_doy2025182000000_aid0001,_1_km_monthly_NDVI,aid0001,2025-07-01,314.0,0.5262,0.8436,"(0.5262,0.8436)",0.7686232,0.0373676,0.0013963,0.7905,0.8436,0.77505,0.6974,0.753025
MOD13A3_061__1_km_monthly_NDVI_doy2025213000000_aid0001,_1_km_monthly_NDVI,aid0001,2025-08-01,314.0,0.4946,0.8116,"(0.4946,0.8116)",0.7498201,0.0371187,0.0013778,0.772125,0.8116,0.7559,0.6858,0.737525
MOD13A3_061__1_km_monthly_NDVI_doy2025244000000_aid0001,_1_km_monthly_NDVI,aid0001,2025-09-01,314.0,0.5319,0.8396,"(0.5319,0.8396)",0.7212624,0.0366476,0.001343,0.74,0.789,0.7213,0.6568,0.704625
MOD13A3_061__1_km_monthly_NDVI_doy2025274000000_aid0001,_1_km_monthly_NDVI,aid0001,2025-10-01,314.0,0.4803,0.8614,"(0.4803,0.8614)",0.732286,0.0474395,0.0022505,0.7546,0.8222,0.7312,0.6419,0.70935
